batch_id,model_version,prediction,prediction_probability,actual_label,timestamp
batch_001,v1,0,0.0659501885306488,0,2026-08-28 22:23:33.281355
batch_001,v1,1,0.7900787564575725,0,2026-08-28 22:23:33.281355
batch_001,v1,0,0.11234849923460555,0,2026-08-28 22:23:33.281355
batch_001,v1,0,0.41366322049852816,0,2026-08-28 22:23:33.281355
batch_001,v1,0,0.04005418521115775,0,2026-08-28 22:23:33.281355
batch_001,v1,1,0.6789646046986362,0,2026-08-28 22:23:33.281355
batch_001,v1,0,0.46968772274311693,0,2026-08-28 22:23:33.281355
batch_001,v1,0,0.06501655719662446,0,2026-08-28 22:23:33.281355
batch_001,v1,0,0.0022497867352564496,0,2026-08-28 22:23:33.281355
batch_001,v1,0,0.40499526932350355,1,2026-08-28 22:23:33.281355
batch_001,v1,0,0.06357694387904855,0,2026-08-28 22:23:33.281355
batch_001,v1,0,0.051130706142629094,0,2026-08-28 22:23:33.281355
batch_001,v1,0,0.2212498928755281,0,2026-08-28 22:23:33.281355
batch_001,v1,1,0.7618073551409347,1,2026-08-28 22:23:33.281355
batch_001,v1,0,0.054884214136010266,0,2026-08-28 22:23:33.281355
batch_001,v1,0,0.00796581238852285,0,2026-08-28 22:23:33.281355
batch_001,v1,0,0.009598668469198983,0,2026-08-28 22:23:33.281355
batch_001,v1,0,0.4184446208230207,0,2026-08-28 22:23:33.281355
batch_001,v1,0,0.3225154310351008,0,2026-08-28 22:23:33.281355
batch_001,v1,0,0.10302488712990411,0,2026-08-28 22:23:33.281355
batch_001,v1,1,0.8040012213598099,1,2026-08-28 22:23:33.281355
batch_001,v1,0,0.34886919014810364,0,2026-08-28 22:23:33.281355
batch_001,v1,0,0.04422823403710171,0,2026-08-28 22:23:33.281355
batch_001,v1,0,0.008356867069322118,0,2026-08-28 22:23:33.281355
batch_001,v1,0,0.34112230328231824,0,2026-08-28 22:23:33.281355
batch_001,v1,0,0.2334816188580566,0,2026-08-28 22:23:33.281355
batch_001,v1,1,0.611293885007532,1,2026-08-28 22:23:33.281355
batch_001,v1,1,0.7606330931159676,1,2026-08-28 22:23:33.281355
batch_001,v1,0,0.013329338398182665,0,2026-08-28 22:23:33.281355
batch_001,v1,1,0.8531038417017793,1,2026-08-28 22:23:33.281355
batch_001,v1,1,0.5786804713012669,0,2026-08-28 22:23:33.281355
batch_001,v1,0,0.4047235971620209,0,2026-08-28 22:23:33.281355
batch_001,v1,0,0.0036325906302116006,0,2026-08-28 22:23:33.281355
batch_001,v1,0,0.014146498162142692,0,2026-08-28 22:23:33.281355
batch_001,v1,1,0.8654551403243994,1,2026-08-28 22:23:33.281355
batch_001,v1,0,0.0438971493362565,0,2026-08-28 22:23:33.281355
batch_001,v1,0,0.45675327782689357,1,2026-08-28 22:23:33.281355
batch_001,v1,0,0.0017407506582699478,0,2026-08-28 22:23:33.281355
batch_001,v1,1,0.9127786360061173,1,2026-08-28 22:23:33.281355
batch_001,v1,0,0.20575452050224893,1,2026-08-28 22:23:33.281355
batch_001,v1,0,0.015339619597068395,0,2026-08-28 22:23:33.281355
batch_001,v1,1,0.8943651537745833,0,2026-08-28 22:23:33.281355
batch_001,v1,0,0.3998987974535218,0,2026-08-28 22:23:33.281355
batch_001,v1,0,0.32031528839959894,0,2026-08-28 22:23:33.281355
batch_001,v1,0,0.0846469959729405,0,2026-08-28 22:23:33.281355
batch_001,v1,1,0.5451854028593046,1,2026-08-28 22:23:33.281355
batch_001,v1,1,0.7672957576893927,0,2026-08-28 22:23:33.281355
batch_001,v1,0,0.3632247523174428,0,2026-08-28 22:23:33.281355
batch_001,v1,0,0.004276113300207749,0,2026-08-28 22:23:33.281355
batch_001,v1,0,0.4492584009738443,1,2026-08-28 22:23:33.281355
batch_001,v1,0,0.010774881211457352,0,2026-08-28 22:23:33.281355
batch_001,v1,1,0.9260052133933057,1,2026-08-28 22:23:33.281355
batch_001,v1,0,0.25487401854893027,0,2026-08-28 22:23:33.281355
batch_001,v1,0,0.12955695956832589,0,2026-08-28 22:23:33.281355
batch_001,v1,0,0.38516117097832414,0,2026-08-28 22:23:33.281355
batch_001,v1,1,0.6770501124691698,1,2026-08-28 22:23:33.281355
batch_001,v1,0,0.012774586986490779,0,2026-08-28 22:23:33.281355
batch_001,v1,0,0.010730704721059537,0,2026-08-28 22:23:33.281355
batch_001,v1,0,0.016909416257717278,0,2026-08-28 22:23:33.281355
batch_001,v1,0,0.0029538418512520905,0,2026-08-28 22:23:33.281355
batch_001,v1,0,0.0017856667827900467,0,2026-08-28 22:23:33.281355
batch_001,v1,0,0.05704512869462474,1,2026-08-28 22:23:33.281355
batch_001,v1,0,0.023252060515821956,0,2026-08-28 22:23:33.281355
batch_001,v1,0,0.1761945456556799,0,2026-08-28 22:23:33.281355
batch_001,v1,0,0.3455522959605726,1,2026-08-28 22:23:33.281355
batch_001,v1,0,0.48426541010771895,1,2026-08-28 22:23:33.281355
batch_001,v1,0,0.23774498791368992,1,2026-08-28 22:23:33.281355
batch_001,v1,0,0.27790396757670904,1,2026-08-28 22:23:33.281355
batch_001,v1,0,0.19615201864835843,1,2026-08-28 22:23:33.281355
batch_001,v1,1,0.9016678781725346,1,2026-08-28 22:23:33.281355
batch_001,v1,0,0.0017855486141685449,0,2026-08-28 22:23:33.281355
batch_001,v1,0,0.03349366011099677,0,2026-08-28 22:23:33.281355
batch_001,v1,1,0.6275479435649812,1,2026-08-28 22:23:33.281355
batch_001,v1,0,0.026346442069746782,0,2026-08-28 22:23:33.281355
batch_001,v1,0,0.008105656835849259,0,2026-08-28 22:23:33.281355
batch_001,v1,0,0.05414725538691884,0,2026-08-28 22:23:33.281355
batch_001,v1,0,0.004125196789366925,0,2026-08-28 22:23:33.281355
batch_001,v1,1,0.598488420482559,1,2026-08-28 22:23:33.281355
batch_001,v1,0,0.29857550228008073,0,2026-08-28 22:23:33.281355
batch_001,v1,0,0.01846949657661262,0,2026-08-28 22:23:33.281355
batch_001,v1,0,0.05525347542784444,0,2026-08-28 22:23:33.281355
batch_001,v1,0,0.019098503553831202,0,2026-08-28 22:23:33.281355
batch_001,v1,0,0.38846276776898037,1,2026-08-28 22:23:33.281355
batch_001,v1,1,0.9310900620011499,1,2026-08-28 22:23:33.281355
batch_001,v1,0,0.020795743735740408,0,2026-08-28 22:23:33.281355
batch_001,v1,0,0.4738470979621009,0,2026-08-28 22:23:33.281355
batch_001,v1,1,0.732424236764144,0,2026-08-28 22:23:33.281355
batch_001,v1,1,0.7387231850923396,1,2026-08-28 22:23:33.281355
batch_001,v1,1,0.6331685618698667,1,2026-08-28 22:23:33.281355
batch_001,v1,0,0.10341009159285895,0,2026-08-28 22:23:33.281355
batch_001,v1,1,0.652985747869891,1,2026-08-28 22:23:33.281355
batch_001,v1,0,0.4345808120128256,0,2026-08-28 22:23:33.281355
batch_001,v1,0,0.029129341893604423,0,2026-08-28 22:23:33.281355
batch_001,v1,1,0.6063239837814541,1,2026-08-28 22:23:33.281355
batch_001,v1,0,0.3645903534048297,1,2026-08-28 22:23:33.281355
batch_001,v1,0,0.026843405694354464,0,2026-08-28 22:23:33.281355
batch_001,v1,0,0.2643247497114085,0,2026-08-28 22:23:33.281355
batch_001,v1,0,0.01776105392795376,0,2026-08-28 22:23:33.281355
batch_001,v1,1,0.8483878534102243,1,2026-08-28 22:23:33.281355
batch_001,v1,0,0.290590833076209,0,2026-08-28 22:23:33.281355
batch_001,v1,1,0.766085472013105,1,2026-08-28 22:23:33.281355
batch_001,v1,1,0.6449013731438192,1,2026-08-28 22:23:33.281355
batch_001,v1,0,0.2120614641150995,0,2026-08-28 22:23:33.281355
batch_001,v1,0,0.3888563641602461,1,2026-08-28 22:23:33.281355
batch_001,v1,0,0.3868452071856477,1,2026-08-28 22:23:33.281355
batch_001,v1,0,0.0018253641000748751,0,2026-08-28 22:23:33.281355
batch_001,v1,0,0.144302707213955,0,2026-08-28 22:23:33.281355
batch_001,v1,0,0.09036566995630949,0,2026-08-28 22:23:33.281355
batch_001,v1,0,0.006221892769698602,0,2026-08-28 22:23:33.281355
batch_001,v1,0,0.04107767751966367,0,2026-08-28 22:23:33.281355
batch_001,v1,0,0.03946947031938773,0,2026-08-28 22:23:33.281355
batch_001,v1,1,0.7419438800435988,0,2026-08-28 22:23:33.281355
batch_001,v1,0,0.2276258483989676,0,2026-08-28 22:23:33.281355
batch_001,v1,1,0.530294985276012,0,2026-08-28 22:23:33.281355
batch_001,v1,1,0.7805542326820955,1,2026-08-28 22:23:33.281355
batch_001,v1,0,0.040144925833879984,0,2026-08-28 22:23:33.281355
batch_001,v1,1,0.5818966110128544,1,2026-08-28 22:23:33.281355
batch_001,v1,1,0.540094313773194,0,2026-08-28 22:23:33.281355
batch_001,v1,0,0.004632373774644025,0,2026-08-28 22:23:33.281355
batch_001,v1,0,0.026236260381649876,0,2026-08-28 22:23:33.281355
batch_001,v1,0,0.047593370122162304,0,2026-08-28 22:23:33.281355
batch_001,v1,1,0.8368542086093957,1,2026-08-28 22:23:33.281355
batch_001,v1,0,0.04634742293535734,0,2026-08-28 22:23:33.281355
batch_001,v1,0,0.06479780310282343,0,2026-08-28 22:23:33.281355
batch_001,v1,1,0.8834986552117585,1,2026-08-28 22:23:33.281355
batch_001,v1,0,0.031164313725203827,0,2026-08-28 22:23:33.281355
batch_001,v1,1,0.5103392010040856,1,2026-08-28 22:23:33.281355
batch_001,v1,0,0.2499423540726241,0,2026-08-28 22:23:33.281355
batch_001,v1,1,0.6502257891073902,1,2026-08-28 22:23:33.281355
batch_001,v1,0,0.1702621671072518,0,2026-08-28 22:23:33.281355
batch_001,v1,1,0.5111255655186406,1,2026-08-28 22:23:33.281355
batch_001,v1,0,0.3657050142441203,1,2026-08-28 22:23:33.281355
batch_001,v1,0,0.13869712638528045,0,2026-08-28 22:23:33.281355
batch_001,v1,0,0.16572818947914772,0,2026-08-28 22:23:33.281355
batch_001,v1,0,0.04031921353145858,0,2026-08-28 22:23:33.281355
batch_001,v1,0,0.2473512236476326,0,2026-08-28 22:23:33.281355
batch_001,v1,0,0.03514359778893673,0,2026-08-28 22:23:33.281355
batch_001,v1,0,0.12503580775522963,0,2026-08-28 22:23:33.281355
batch_001,v1,0,0.020048116793897904,0,2026-08-28 22:23:33.281355
batch_001,v1,0,0.4781522791577256,1,2026-08-28 22:23:33.281355
batch_001,v1,0,0.004620563773835123,0,2026-08-28 22:23:33.281355
batch_001,v1,0,0.10199160217287646,0,2026-08-28 22:23:33.281355
batch_001,v1,1,0.6840263944509246,0,2026-08-28 22:23:33.281355
batch_001,v1,0,0.004500588912895914,0,2026-08-28 22:23:33.281355
batch_001,v1,0,0.01708013618374253,0,2026-08-28 22:23:33.281355
batch_001,v1,0,0.1062010672104751,0,2026-08-28 22:23:33.281355
batch_001,v1,0,0.127584629585551,0,2026-08-28 22:23:33.281355
batch_001,v1,0,0.11075186410764108,1,2026-08-28 22:23:33.281355
batch_001,v1,0,0.39284128702591603,0,2026-08-28 22:23:33.281355
batch_001,v1,0,0.11147918626879566,0,2026-08-28 22:23:33.281355
batch_001,v1,0,0.04075687499190008,0,2026-08-28 22:23:33.281355
batch_001,v1,1,0.6561326763593093,0,2026-08-28 22:23:33.281355
batch_001,v1,0,0.22497265559472185,0,2026-08-28 22:23:33.281355
batch_001,v1,0,0.255827361955187,0,2026-08-28 22:23:33.281355
batch_001,v1,1,0.8297295674194328,1,2026-08-28 22:23:33.281355
batch_001,v1,0,0.23031233074796406,0,2026-08-28 22:23:33.281355
batch_001,v1,1,0.6414477414673433,0,2026-08-28 22:23:33.281355
batch_001,v1,1,0.5614620100026646,1,2026-08-28 22:23:33.281355
batch_001,v1,1,0.6729824384930638,1,2026-08-28 22:23:33.281355
batch_001,v1,1,0.534516784604094,1,2026-08-28 22:23:33.281355
batch_001,v1,0,0.08121843963380139,0,2026-08-28 22:23:33.281355
batch_001,v1,0,0.13927666871644495,0,2026-08-28 22:23:33.281355
batch_001,v1,0,0.0018194662203747669,0,2026-08-28 22:23:33.281355
batch_001,v1,0,0.0040104379127750564,0,2026-08-28 22:23:33.281355
batch_001,v1,0,0.13576517273819735,0,2026-08-28 22:23:33.281355
batch_001,v1,0,0.271970731300654,1,2026-08-28 22:23:33.281355
batch_001,v1,0,0.06093595949215666,0,2026-08-28 22:23:33.281355
batch_001,v1,0,0.2837491020821718,1,2026-08-28 22:23:33.281355
batch_001,v1,0,0.12305502485973044,0,2026-08-28 22:23:33.281355
batch_001,v1,0,0.03586379491682573,0,2026-08-28 22:23:33.281355
batch_001,v1,0,0.4946806371269387,0,2026-08-28 22:23:33.281355
batch_001,v1,1,0.924744140218077,1,2026-08-28 22:23:33.281355
batch_001,v1,0,0.03101007398787183,0,2026-08-28 22:23:33.281355
batch_001,v1,0,0.4523222841239803,1,2026-08-28 22:23:33.281355
batch_001,v1,0,0.483319543869064,0,2026-08-28 22:23:33.281355
batch_001,v1,1,0.5241613801745238,0,2026-08-28 22:23:33.281355
batch_001,v1,0,0.01787603599872261,0,2026-08-28 22:23:33.281355
batch_001,v1,0,0.01746574153682286,0,2026-08-28 22:23:33.281355
batch_001,v1,0,0.4634397465831506,0,2026-08-28 22:23:33.281355
batch_001,v1,0,0.18524724133749212,0,2026-08-28 22:23:33.281355
batch_001,v1,1,0.6601210877794716,1,2026-08-28 22:23:33.281355
batch_001,v1,0,0.026779127061698185,0,2026-08-28 22:23:33.281355
batch_001,v1,1,0.788210307500017,1,2026-08-28 22:23:33.281355
batch_001,v1,0,0.33853550245566527,1,2026-08-28 22:23:33.281355
batch_001,v1,0,0.0017650956405141022,0,2026-08-28 22:23:33.281355
batch_001,v1,0,0.3826001130203202,0,2026-08-28 22:23:33.281355
batch_001,v1,0,0.021852885836946837,0,2026-08-28 22:23:33.281355
batch_001,v1,0,0.409535149322403,1,2026-08-28 22:23:33.281355
batch_001,v1,0,0.1402219714984994,0,2026-08-28 22:23:33.281355
batch_001,v1,0,0.0034258284123972974,0,2026-08-28 22:23:33.281355
batch_001,v1,0,0.24810610185197118,0,2026-08-28 22:23:33.281355
batch_001,v1,1,0.5331233189463498,0,2026-08-28 22:23:33.281355
batch_001,v1,1,0.6532315348630561,1,2026-08-28 22:23:33.281355
batch_001,v1,0,0.022556529250696438,0,2026-08-28 22:23:33.281355
batch_001,v1,0,0.15953148139831028,0,2026-08-28 22:23:33.281355
batch_001,v1,0,0.46852758726855825,0,2026-08-28 22:23:33.281355
batch_001,v1,0,0.4595640424281212,0,2026-08-28 22:23:33.281355
batch_001,v1,0,0.461300600720378,0,2026-08-28 22:23:33.281355
batch_001,v1,1,0.5475175879745484,0,2026-08-28 22:23:33.281355
batch_001,v1,0,0.16523500895308074,0,2026-08-28 22:23:33.281355
batch_001,v1,0,0.11309997000587713,0,2026-08-28 22:23:33.281355
batch_001,v1,0,0.004426805657448145,0,2026-08-28 22:23:33.281355
batch_001,v1,0,0.014445890649722787,0,2026-08-28 22:23:33.281355
batch_001,v1,0,0.03594958351927492,0,2026-08-28 22:23:33.281355
batch_001,v1,0,0.2512164396174713,0,2026-08-28 22:23:33.281355
batch_001,v1,0,0.16211147541282972,0,2026-08-28 22:23:33.281355
batch_001,v1,0,0.13620418454754557,0,2026-08-28 22:23:33.281355
batch_001,v1,0,0.29695081650914545,0,2026-08-28 22:23:33.281355
batch_001,v1,0,0.3791271766855183,0,2026-08-28 22:23:33.281355
batch_001,v1,0,0.016835844665383227,0,2026-08-28 22:23:33.281355
batch_001,v1,0,0.2491979588289714,1,2026-08-28 22:23:33.281355
batch_001,v1,0,0.45467568597541136,0,2026-08-28 22:23:33.281355
batch_001,v1,0,0.37856741387223847,1,2026-08-28 22:23:33.281355
batch_001,v1,0,0.025598446333550448,0,2026-08-28 22:23:33.281355
batch_001,v1,0,0.033541832138578455,0,2026-08-28 22:23:33.281355
batch_001,v1,0,0.38167505906247584,0,2026-08-28 22:23:33.281355
batch_001,v1,0,0.028208959720330856,0,2026-08-28 22:23:33.281355
batch_001,v1,1,0.5294752429570562,0,2026-08-28 22:23:33.281355
batch_001,v1,1,0.5968459718082564,1,2026-08-28 22:23:33.281355
batch_001,v1,0,0.1260656453423617,1,2026-08-28 22:23:33.281355
batch_001,v1,0,0.16129132332373172,0,2026-08-28 22:23:33.281355
batch_001,v1,0,0.1485788207886605,0,2026-08-28 22:23:33.281355
batch_001,v1,0,0.44738696355443214,0,2026-08-28 22:23:33.281355
batch_001,v1,0,0.09583095300256532,0,2026-08-28 22:23:33.281355
batch_001,v1,1,0.7459557353416281,0,2026-08-28 22:23:33.281355
batch_001,v1,0,0.015279579096350013,0,2026-08-28 22:23:33.281355
batch_001,v1,0,0.015730017535724665,0,2026-08-28 22:23:33.281355
batch_001,v1,0,0.2247815513725716,0,2026-08-28 22:23:33.281355
batch_001,v1,1,0.7707516169109975,1,2026-08-28 22:23:33.281355
batch_001,v1,1,0.8138910301434424,0,2026-08-28 22:23:33.281355
batch_001,v1,0,0.018401691426711716,0,2026-08-28 22:23:33.281355
batch_001,v1,1,0.7135745336084667,1,2026-08-28 22:23:33.281355
batch_001,v1,1,0.5814293676267546,0,2026-08-28 22:23:33.281355
batch_001,v1,0,0.03516983098624008,0,2026-08-28 22:23:33.281355
batch_001,v1,1,0.9131545578199558,1,2026-08-28 22:23:33.281355
batch_001,v1,1,0.8080288283938499,1,2026-08-28 22:23:33.281355
batch_001,v1,0,0.39318869385619815,1,2026-08-28 22:23:33.281355
batch_001,v1,0,0.1939890659547848,0,2026-08-28 22:23:33.281355
batch_001,v1,0,0.1695580901302252,0,2026-08-28 22:23:33.281355
batch_001,v1,1,0.6602978499568756,0,2026-08-28 22:23:33.281355
batch_001,v1,1,0.7164165803783157,1,2026-08-28 22:23:33.281355
batch_001,v1,1,0.6250831583840902,1,2026-08-28 22:23:33.281355
batch_001,v1,0,0.1406083133973746,0,2026-08-28 22:23:33.281355
batch_001,v1,0,0.15403888251814443,0,2026-08-28 22:23:33.281355
batch_001,v1,0,0.3992749827555553,1,2026-08-28 22:23:33.281355
batch_001,v1,1,0.5204380205314837,1,2026-08-28 22:23:33.281355
batch_001,v1,1,0.6979088011730977,1,2026-08-28 22:23:33.281355
batch_001,v1,0,0.04876691512701924,0,2026-08-28 22:23:33.281355
batch_001,v1,0,0.010707761401745832,0,2026-08-28 22:23:33.281355
batch_001,v1,1,0.5528416761446062,0,2026-08-28 22:23:33.281355
batch_001,v1,0,0.04553548163980515,0,2026-08-28 22:23:33.281355
batch_001,v1,0,0.10831365028490024,0,2026-08-28 22:23:33.281355
batch_001,v1,0,0.1531291395488818,0,2026-08-28 22:23:33.281355
batch_001,v1,0,0.004429212197225566,0,2026-08-28 22:23:33.281355
batch_001,v1,0,0.19174524846696359,1,2026-08-28 22:23:33.281355
batch_001,v1,0,0.0302890797916112,0,2026-08-28 22:23:33.281355
batch_001,v1,0,0.07481726978848231,0,2026-08-28 22:23:33.281355
batch_001,v1,0,0.3632496321864468,0,2026-08-28 22:23:33.281355
batch_001,v1,0,0.40111805618556745,0,2026-08-28 22:23:33.281355
batch_001,v1,0,0.4409222258992307,0,2026-08-28 22:23:33.281355
batch_001,v1,0,0.4743331510336672,0,2026-08-28 22:23:33.281355
batch_001,v1,0,0.14686441262411387,0,2026-08-28 22:23:33.281355
batch_001,v1,0,0.01095366609223364,0,2026-08-28 22:23:33.281355
batch_001,v1,0,0.11203235374201917,0,2026-08-28 22:23:33.281355
batch_001,v1,1,0.8066167283582945,1,2026-08-28 22:23:33.281355
batch_001,v1,0,0.06043602769446337,1,2026-08-28 22:23:33.281355
batch_001,v1,1,0.6030419847896363,1,2026-08-28 22:23:33.281355
batch_001,v1,0,0.050077931449379026,0,2026-08-28 22:23:33.281355
batch_001,v1,1,0.5211917863753951,0,2026-08-28 22:23:33.281355
batch_001,v1,1,0.6786951184336165,0,2026-08-28 22:23:33.281355
batch_001,v1,1,0.602044688407386,0,2026-08-28 22:23:33.281355
batch_001,v1,0,0.016488865753734733,0,2026-08-28 22:23:33.281355
batch_001,v1,0,0.34798737967010507,0,2026-08-28 22:23:33.281355
batch_001,v1,0,0.3087447668367917,0,2026-08-28 22:23:33.281355
batch_001,v1,0,0.00826799172883675,0,2026-08-28 22:23:33.281355
batch_001,v1,1,0.6934979667615384,0,2026-08-28 22:23:33.281355
batch_001,v1,1,0.8747555826381516,1,2026-08-28 22:23:33.281355
batch_001,v1,1,0.6255321409388709,0,2026-08-28 22:23:33.281355
batch_001,v1,1,0.9310900620011499,1,2026-08-28 22:23:33.281355
batch_001,v1,0,0.14838843379084732,0,2026-08-28 22:23:33.281355
batch_001,v1,1,0.5915023082509228,0,2026-08-28 22:23:33.281355
batch_002,v1,0,0.16211917261154482,0,2026-08-28 22:23:33.347713
batch_002,v1,1,0.5194733977261271,0,2026-08-28 22:23:33.347713
batch_002,v1,0,0.055560371867292756,0,2026-08-28 22:23:33.347713
batch_002,v1,1,0.5692528572706644,0,2026-08-28 22:23:33.347713
batch_002,v1,1,0.7880077621579274,1,2026-08-28 22:23:33.347713
batch_002,v1,0,0.23676430481998806,1,2026-08-28 22:23:33.347713
batch_002,v1,0,0.11744217123282484,0,2026-08-28 22:23:33.347713
batch_002,v1,1,0.6586204135662663,1,2026-08-28 22:23:33.347713
batch_002,v1,0,0.006740005438386716,0,2026-08-28 22:23:33.347713
batch_002,v1,1,0.5095734955636925,0,2026-08-28 22:23:33.347713
batch_002,v1,0,0.033445622287877494,0,2026-08-28 22:23:33.347713
batch_002,v1,0,0.003606085642238304,0,2026-08-28 22:23:33.347713
batch_002,v1,0,0.04745381353557659,0,2026-08-28 22:23:33.347713
batch_002,v1,0,0.03294272424109137,0,2026-08-28 22:23:33.347713
batch_002,v1,0,0.04754605891524591,0,2026-08-28 22:23:33.347713
batch_002,v1,0,0.372941256644004,0,2026-08-28 22:23:33.347713
batch_002,v1,0,0.09998846006359999,1,2026-08-28 22:23:33.347713
batch_002,v1,0,0.04371743159353933,0,2026-08-28 22:23:33.347713
batch_002,v1,0,0.109743886761674,0,2026-08-28 22:23:33.347713
batch_002,v1,0,0.0023380026575960254,0,2026-08-28 22:23:33.347713
batch_002,v1,0,0.3573075857778544,1,2026-08-28 22:23:33.347713
batch_002,v1,1,0.589155726251947,0,2026-08-28 22:23:33.347713
batch_002,v1,0,0.0856208135449321,0,2026-08-28 22:23:33.347713
batch_002,v1,1,0.8184538889236257,1,2026-08-28 22:23:33.347713
batch_002,v1,0,0.19171115755907864,0,2026-08-28 22:23:33.347713
batch_002,v1,0,0.08668741782983218,0,2026-08-28 22:23:33.347713
batch_002,v1,0,0.07044619026827682,0,2026-08-28 22:23:33.347713
batch_002,v1,0,0.2971422248693845,0,2026-08-28 22:23:33.347713
batch_002,v1,0,0.220644101922079,0,2026-08-28 22:23:33.347713
batch_002,v1,1,0.6972909341825707,0,2026-08-28 22:23:33.347713
batch_002,v1,1,0.6079598324358202,0,2026-08-28 22:23:33.347713
batch_002,v1,0,0.06802548152240542,0,2026-08-28 22:23:33.347713
batch_002,v1,0,0.012976645758801166,0,2026-08-28 22:23:33.347713
batch_002,v1,0,0.09704908980967612,0,2026-08-28 22:23:33.347713
batch_002,v1,0,0.03427675815996161,0,2026-08-28 22:23:33.347713
batch_002,v1,0,0.013961988225949776,0,2026-08-28 22:23:33.347713
batch_002,v1,0,0.027598863697500264,0,2026-08-28 22:23:33.347713
batch_002,v1,1,0.5910615610398755,1,2026-08-28 22:23:33.347713
batch_002,v1,1,0.6762768998812984,1,2026-08-28 22:23:33.347713
batch_002,v1,0,0.4551132749155296,0,2026-08-28 22:23:33.347713
batch_002,v1,1,0.6715007950740063,0,2026-08-28 22:23:33.347713
batch_002,v1,0,0.4557727413837584,1,2026-08-28 22:23:33.347713
batch_002,v1,0,0.1636693913860995,0,2026-08-28 22:23:33.347713
batch_002,v1,0,0.3192969335666087,0,2026-08-28 22:23:33.347713
batch_002,v1,0,0.051675049981771554,0,2026-08-28 22:23:33.347713
batch_002,v1,0,0.09580429344396393,1,2026-08-28 22:23:33.347713
batch_002,v1,0,0.2764653998788222,0,2026-08-28 22:23:33.347713
batch_002,v1,0,0.13990788236681298,0,2026-08-28 22:23:33.347713
batch_002,v1,0,0.027122601166764373,0,2026-08-28 22:23:33.347713
batch_002,v1,0,0.4916263904353935,0,2026-08-28 22:23:33.347713
batch_002,v1,0,0.31601790238644667,1,2026-08-28 22:23:33.347713
batch_002,v1,0,0.07537257554740241,0,2026-08-28 22:23:33.347713
batch_002,v1,0,0.08670986595285807,0,2026-08-28 22:23:33.347713
batch_002,v1,0,0.0022774867403525835,0,2026-08-28 22:23:33.347713
batch_002,v1,0,0.00351264931890763,0,2026-08-28 22:23:33.347713
batch_002,v1,1,0.646959855586199,1,2026-08-28 22:23:33.347713
batch_002,v1,0,0.11506386007016735,0,2026-08-28 22:23:33.347713
batch_002,v1,0,0.0033109276562334174,0,2026-08-28 22:23:33.347713
batch_002,v1,0,0.005974711655880936,0,2026-08-28 22:23:33.347713
batch_002,v1,0,0.00257073080572413,0,2026-08-28 22:23:33.347713
batch_002,v1,1,0.8732298733319422,1,2026-08-28 22:23:33.347713
batch_002,v1,0,0.21861786668687577,0,2026-08-28 22:23:33.347713
batch_002,v1,0,0.41728921299751587,1,2026-08-28 22:23:33.347713
batch_002,v1,1,0.922766174675995,1,2026-08-28 22:23:33.347713
batch_002,v1,0,0.13167511658458153,1,2026-08-28 22:23:33.347713
batch_002,v1,0,0.020037222201184483,0,2026-08-28 22:23:33.347713
batch_002,v1,1,0.534670494750261,1,2026-08-28 22:23:33.347713
batch_002,v1,0,0.17624619891525606,0,2026-08-28 22:23:33.347713
batch_002,v1,1,0.7298856068262392,1,2026-08-28 22:23:33.347713
batch_002,v1,0,0.030355980220615184,0,2026-08-28 22:23:33.347713
batch_002,v1,0,0.09784203339901555,1,2026-08-28 22:23:33.347713
batch_002,v1,0,0.2568305109755816,0,2026-08-28 22:23:33.347713
batch_002,v1,0,0.2941939244489849,0,2026-08-28 22:23:33.347713
batch_002,v1,0,0.0017437848471929236,0,2026-08-28 22:23:33.347713
batch_002,v1,0,0.2646005141562074,0,2026-08-28 22:23:33.347713
batch_002,v1,0,0.12187096937200091,0,2026-08-28 22:23:33.347713
batch_002,v1,0,0.22459526675978148,0,2026-08-28 22:23:33.347713
batch_002,v1,0,0.007739095336820185,0,2026-08-28 22:23:33.347713
batch_002,v1,1,0.7863165947513864,1,2026-08-28 22:23:33.347713
batch_002,v1,1,0.7250302778049963,1,2026-08-28 22:23:33.347713
batch_002,v1,0,0.009961328464725038,0,2026-08-28 22:23:33.347713
batch_002,v1,0,0.029347485594530362,0,2026-08-28 22:23:33.347713
batch_002,v1,0,0.33862963072878804,0,2026-08-28 22:23:33.347713
batch_002,v1,0,0.0656286198280751,0,2026-08-28 22:23:33.347713
batch_002,v1,0,0.25699890770453565,1,2026-08-28 22:23:33.347713
batch_002,v1,0,0.20262514807590729,0,2026-08-28 22:23:33.347713
batch_002,v1,0,0.09278981913111449,0,2026-08-28 22:23:33.347713
batch_002,v1,0,0.028746744700005808,0,2026-08-28 22:23:33.347713
batch_002,v1,0,0.2989647026852913,0,2026-08-28 22:23:33.347713
batch_002,v1,1,0.6878091653971544,1,2026-08-28 22:23:33.347713
batch_002,v1,1,0.7194976592883019,0,2026-08-28 22:23:33.347713
batch_002,v1,0,0.3829224978696248,0,2026-08-28 22:23:33.347713
batch_002,v1,0,0.44479878440495435,0,2026-08-28 22:23:33.347713
batch_002,v1,0,0.4222586781158304,1,2026-08-28 22:23:33.347713
batch_002,v1,0,0.16300865733421227,0,2026-08-28 22:23:33.347713
batch_002,v1,0,0.09942298835262363,0,2026-08-28 22:23:33.347713
batch_002,v1,0,0.43625986224323604,0,2026-08-28 22:23:33.347713
batch_002,v1,0,0.1195584517654199,1,2026-08-28 22:23:33.347713
batch_002,v1,0,0.04789480846741954,0,2026-08-28 22:23:33.347713
batch_002,v1,0,0.014253377448200426,0,2026-08-28 22:23:33.347713
batch_002,v1,0,0.37944183802920173,0,2026-08-28 22:23:33.347713
batch_002,v1,0,0.004995892753857767,0,2026-08-28 22:23:33.347713
batch_002,v1,1,0.6991275584614696,0,2026-08-28 22:23:33.347713
batch_002,v1,0,0.3631894672122212,1,2026-08-28 22:23:33.347713
batch_002,v1,0,0.15541762611436885,0,2026-08-28 22:23:33.347713
batch_002,v1,0,0.23922458659549323,1,2026-08-28 22:23:33.347713
batch_002,v1,1,0.7127061913204183,1,2026-08-28 22:23:33.347713
batch_002,v1,0,0.034418909808178286,0,2026-08-28 22:23:33.347713
batch_002,v1,0,0.16639376313456025,1,2026-08-28 22:23:33.347713
batch_002,v1,0,0.03678695766471681,0,2026-08-28 22:23:33.347713
batch_002,v1,0,0.1352923280701501,0,2026-08-28 22:23:33.347713
batch_002,v1,0,0.4702910528767163,0,2026-08-28 22:23:33.347713
batch_002,v1,0,0.06908708436314075,0,2026-08-28 22:23:33.347713
batch_002,v1,0,0.2763998828530381,0,2026-08-28 22:23:33.347713
batch_002,v1,0,0.07740141696120054,0,2026-08-28 22:23:33.347713
batch_002,v1,0,0.007209011777356032,0,2026-08-28 22:23:33.347713
batch_002,v1,0,0.005467504406951143,0,2026-08-28 22:23:33.347713
batch_002,v1,0,0.0028339926580271337,0,2026-08-28 22:23:33.347713
batch_002,v1,1,0.6570025905260332,1,2026-08-28 22:23:33.347713
batch_002,v1,0,0.06911829823913973,0,2026-08-28 22:23:33.347713
batch_002,v1,0,0.4871462299122539,0,2026-08-28 22:23:33.347713
batch_002,v1,0,0.06998423682213713,0,2026-08-28 22:23:33.347713
batch_002,v1,0,0.22677673123705688,0,2026-08-28 22:23:33.347713
batch_002,v1,0,0.014850025722957818,0,2026-08-28 22:23:33.347713
batch_002,v1,0,0.2295383262985309,0,2026-08-28 22:23:33.347713
batch_002,v1,0,0.08234429611426307,1,2026-08-28 22:23:33.347713
batch_002,v1,1,0.5038480315168743,0,2026-08-28 22:23:33.347713
batch_002,v1,1,0.7503627384252302,1,2026-08-28 22:23:33.347713
batch_002,v1,0,0.10162869891821243,0,2026-08-28 22:23:33.347713
batch_002,v1,0,0.4824928689155995,1,2026-08-28 22:23:33.347713
batch_002,v1,1,0.5665650453053488,1,2026-08-28 22:23:33.347713
batch_002,v1,1,0.7277084606862444,1,2026-08-28 22:23:33.347713
batch_002,v1,1,0.5847062008798039,1,2026-08-28 22:23:33.347713
batch_002,v1,0,0.1498674585698282,0,2026-08-28 22:23:33.347713
batch_002,v1,0,0.25887275753076894,0,2026-08-28 22:23:33.347713
batch_002,v1,0,0.49007417517229024,0,2026-08-28 22:23:33.347713
batch_002,v1,1,0.8171599533104984,1,2026-08-28 22:23:33.347713
batch_002,v1,0,0.042399098991841896,1,2026-08-28 22:23:33.347713
batch_002,v1,1,0.5269357028687478,1,2026-08-28 22:23:33.347713
batch_002,v1,0,0.12666048541402153,0,2026-08-28 22:23:33.347713
batch_002,v1,0,0.21622165287179657,0,2026-08-28 22:23:33.347713
batch_002,v1,1,0.544637877788167,0,2026-08-28 22:23:33.347713
batch_002,v1,0,0.43295900885520944,1,2026-08-28 22:23:33.347713
batch_002,v1,0,0.0031169059797172007,0,2026-08-28 22:23:33.347713
batch_002,v1,0,0.4916263904353935,0,2026-08-28 22:23:33.347713
batch_002,v1,0,0.24016969616025105,0,2026-08-28 22:23:33.347713
batch_002,v1,1,0.6444993739478302,0,2026-08-28 22:23:33.347713
batch_002,v1,0,0.015779459413295303,0,2026-08-28 22:23:33.347713
batch_002,v1,0,0.0022157551050921947,0,2026-08-28 22:23:33.347713
batch_002,v1,0,0.025598446333550448,0,2026-08-28 22:23:33.347713
batch_002,v1,0,0.2730452063231045,0,2026-08-28 22:23:33.347713
batch_002,v1,0,0.11820083785574846,0,2026-08-28 22:23:33.347713
batch_002,v1,0,0.20219952981121125,0,2026-08-28 22:23:33.347713
batch_002,v1,0,0.13951341338333853,0,2026-08-28 22:23:33.347713
batch_002,v1,1,0.8671495765987784,1,2026-08-28 22:23:33.347713
batch_002,v1,0,0.10131182382229952,0,2026-08-28 22:23:33.347713
batch_002,v1,0,0.06378361694842834,0,2026-08-28 22:23:33.347713
batch_002,v1,0,0.12857653202472347,0,2026-08-28 22:23:33.347713
batch_002,v1,0,0.25289412126494354,0,2026-08-28 22:23:33.347713
batch_002,v1,0,0.2812416110339882,0,2026-08-28 22:23:33.347713
batch_002,v1,0,0.26838767647902506,1,2026-08-28 22:23:33.347713
batch_002,v1,0,0.08466755949391346,0,2026-08-28 22:23:33.347713
batch_002,v1,0,0.3148924145232454,0,2026-08-28 22:23:33.347713
batch_002,v1,0,0.2811663747664942,1,2026-08-28 22:23:33.347713
batch_002,v1,0,0.2793168096599866,0,2026-08-28 22:23:33.347713
batch_002,v1,0,0.0297230001130919,0,2026-08-28 22:23:33.347713
batch_002,v1,0,0.04562335164797224,0,2026-08-28 22:23:33.347713
batch_002,v1,1,0.6273999096612486,0,2026-08-28 22:23:33.347713
batch_002,v1,1,0.643061219038611,0,2026-08-28 22:23:33.347713
batch_002,v1,1,0.617988412691715,0,2026-08-28 22:23:33.347713
batch_002,v1,0,0.06766810606480785,0,2026-08-28 22:23:33.347713
batch_002,v1,0,0.24486198719936245,0,2026-08-28 22:23:33.347713
batch_002,v1,0,0.33469291949196917,0,2026-08-28 22:23:33.347713
batch_002,v1,1,0.8366354050895606,0,2026-08-28 22:23:33.347713
batch_002,v1,0,0.002527483756030972,0,2026-08-28 22:23:33.347713
batch_002,v1,0,0.33875827064399916,1,2026-08-28 22:23:33.347713
batch_002,v1,0,0.02615975773592832,0,2026-08-28 22:23:33.347713
batch_002,v1,0,0.03926184181296624,0,2026-08-28 22:23:33.347713
batch_002,v1,0,0.40022796964345186,1,2026-08-28 22:23:33.347713
batch_002,v1,0,0.0393034737453499,0,2026-08-28 22:23:33.347713
batch_002,v1,0,0.32065972796067,1,2026-08-28 22:23:33.347713
batch_002,v1,0,0.06480134111463107,0,2026-08-28 22:23:33.347713
batch_002,v1,0,0.048165687025004456,0,2026-08-28 22:23:33.347713
batch_002,v1,0,0.003736374518399931,0,2026-08-28 22:23:33.347713
batch_002,v1,0,0.1012337092889542,0,2026-08-28 22:23:33.347713
batch_002,v1,0,0.08658983594147,0,2026-08-28 22:23:33.347713
batch_002,v1,0,0.4635530750141924,0,2026-08-28 22:23:33.347713
batch_002,v1,0,0.135747254558215,0,2026-08-28 22:23:33.347713
batch_002,v1,0,0.10307505263808672,0,2026-08-28 22:23:33.347713
batch_002,v1,0,0.24671081089688998,1,2026-08-28 22:23:33.347713
batch_002,v1,0,0.06318681048919066,0,2026-08-28 22:23:33.347713
batch_002,v1,0,0.14353078980719117,0,2026-08-28 22:23:33.347713
batch_002,v1,0,0.07313481763645109,0,2026-08-28 22:23:33.347713
batch_002,v1,0,0.01843952764152617,0,2026-08-28 22:23:33.347713
batch_002,v1,0,0.0017931311862532716,0,2026-08-28 22:23:33.347713
batch_002,v1,0,0.0499375923852591,0,2026-08-28 22:23:33.347713
batch_002,v1,0,0.3987939121986874,0,2026-08-28 22:23:33.347713
batch_002,v1,1,0.5743555064912694,1,2026-08-28 22:23:33.347713
batch_002,v1,1,0.5495056047895202,1,2026-08-28 22:23:33.347713
batch_002,v1,0,0.481290344830827,0,2026-08-28 22:23:33.347713
batch_002,v1,1,0.612011743914353,0,2026-08-28 22:23:33.347713
batch_002,v1,0,0.0018967492509775236,0,2026-08-28 22:23:33.347713
batch_002,v1,0,0.2954028335092551,1,2026-08-28 22:23:33.347713
batch_002,v1,1,0.7145917046331813,0,2026-08-28 22:23:33.347713
batch_002,v1,0,0.02495718446061193,0,2026-08-28 22:23:33.347713
batch_002,v1,0,0.028252199623832967,0,2026-08-28 22:23:33.347713
batch_002,v1,0,0.02332470913487942,0,2026-08-28 22:23:33.347713
batch_002,v1,1,0.8015467228054288,1,2026-08-28 22:23:33.347713
batch_002,v1,0,0.395591464934,0,2026-08-28 22:23:33.347713
batch_002,v1,0,0.4967578468622014,0,2026-08-28 22:23:33.347713
batch_002,v1,1,0.6607366524679132,0,2026-08-28 22:23:33.347713
batch_002,v1,0,0.012955014464852397,0,2026-08-28 22:23:33.347713
batch_002,v1,0,0.3812657134361665,0,2026-08-28 22:23:33.347713
batch_002,v1,0,0.017244571539321973,0,2026-08-28 22:23:33.347713
batch_002,v1,1,0.7023723970279688,0,2026-08-28 22:23:33.347713
batch_002,v1,0,0.04625498238850769,0,2026-08-28 22:23:33.347713
batch_002,v1,0,0.44782118844813,1,2026-08-28 22:23:33.347713
batch_002,v1,0,0.035744504219548265,0,2026-08-28 22:23:33.347713
batch_002,v1,1,0.623762712558054,0,2026-08-28 22:23:33.347713
batch_002,v1,0,0.03209690015516147,0,2026-08-28 22:23:33.347713
batch_002,v1,0,0.371021450956002,0,2026-08-28 22:23:33.347713
batch_002,v1,1,0.5963755129259899,0,2026-08-28 22:23:33.347713
batch_002,v1,0,0.0017437848471929236,0,2026-08-28 22:23:33.347713
batch_002,v1,0,0.14597617285589565,0,2026-08-28 22:23:33.347713
batch_002,v1,0,0.03539299118046746,0,2026-08-28 22:23:33.347713
batch_002,v1,0,0.2664218196198672,0,2026-08-28 22:23:33.347713
batch_002,v1,0,0.027607203325194594,0,2026-08-28 22:23:33.347713
batch_002,v1,0,0.3945991574398101,1,2026-08-28 22:23:33.347713
batch_002,v1,0,0.03876130910207898,0,2026-08-28 22:23:33.347713
batch_002,v1,1,0.8713168581096006,1,2026-08-28 22:23:33.347713
batch_002,v1,0,0.13498466228814862,1,2026-08-28 22:23:33.347713
batch_002,v1,0,0.12473936879684125,0,2026-08-28 22:23:33.347713
batch_002,v1,0,0.06353635112485814,0,2026-08-28 22:23:33.347713
batch_002,v1,1,0.614503103159946,1,2026-08-28 22:23:33.347713
batch_002,v1,0,0.1866259608501535,0,2026-08-28 22:23:33.347713
batch_002,v1,0,0.08501666007447296,0,2026-08-28 22:23:33.347713
batch_002,v1,0,0.20819270293455977,0,2026-08-28 22:23:33.347713
batch_002,v1,0,0.49353026304152786,0,2026-08-28 22:23:33.347713
batch_002,v1,0,0.22254260078732233,0,2026-08-28 22:23:33.347713
batch_002,v1,0,0.10130165420811184,0,2026-08-28 22:23:33.347713
batch_002,v1,0,0.3793819923584377,0,2026-08-28 22:23:33.347713
batch_002,v1,0,0.02038085097269696,0,2026-08-28 22:23:33.347713
batch_002,v1,1,0.5987824064627328,1,2026-08-28 22:23:33.347713
batch_002,v1,0,0.10242101909928822,1,2026-08-28 22:23:33.347713
batch_002,v1,1,0.5084860161646906,1,2026-08-28 22:23:33.347713
batch_002,v1,0,0.25493974637529726,0,2026-08-28 22:23:33.347713
batch_002,v1,0,0.3391906742930616,0,2026-08-28 22:23:33.347713
batch_002,v1,0,0.11161435304331524,0,2026-08-28 22:23:33.347713
batch_002,v1,0,0.0033109276562334174,0,2026-08-28 22:23:33.347713
batch_002,v1,0,0.21032936652668466,0,2026-08-28 22:23:33.347713
batch_002,v1,0,0.11816253592358336,0,2026-08-28 22:23:33.347713
batch_002,v1,0,0.054748927271131245,0,2026-08-28 22:23:33.347713
batch_002,v1,1,0.7628791300050283,1,2026-08-28 22:23:33.347713
batch_002,v1,0,0.12429974538557896,1,2026-08-28 22:23:33.347713
batch_002,v1,0,0.2628252824267366,0,2026-08-28 22:23:33.347713
batch_002,v1,0,0.27979361371449823,0,2026-08-28 22:23:33.347713
batch_002,v1,0,0.01582299206889297,0,2026-08-28 22:23:33.347713
batch_002,v1,1,0.6746746727640365,1,2026-08-28 22:23:33.347713
batch_002,v1,0,0.3358511585209144,1,2026-08-28 22:23:33.347713
batch_002,v1,0,0.305776733022046,1,2026-08-28 22:23:33.347713
batch_002,v1,0,0.16735837026748548,0,2026-08-28 22:23:33.347713
batch_002,v1,1,0.8749972721144288,1,2026-08-28 22:23:33.347713
batch_002,v1,0,0.07001869931621407,0,2026-08-28 22:23:33.347713
batch_002,v1,1,0.6765762324237465,1,2026-08-28 22:23:33.347713
batch_002,v1,0,0.18102075049134878,0,2026-08-28 22:23:33.347713
batch_002,v1,0,0.08671608456681575,0,2026-08-28 22:23:33.347713
batch_002,v1,0,0.011937914883375667,0,2026-08-28 22:23:33.347713
batch_002,v1,1,0.625841721189995,0,2026-08-28 22:23:33.347713
batch_002,v1,0,0.020102012807144496,0,2026-08-28 22:23:33.347713
batch_002,v1,0,0.13388070087536244,1,2026-08-28 22:23:33.347713
batch_002,v1,0,0.009070518452632004,0,2026-08-28 22:23:33.347713
batch_002,v1,1,0.5505348905317428,0,2026-08-28 22:23:33.347713
batch_002,v1,0,0.22407967057552194,0,2026-08-28 22:23:33.347713
batch_002,v1,0,0.01717224086629152,0,2026-08-28 22:23:33.347713
batch_002,v1,1,0.7478010132433043,0,2026-08-28 22:23:33.347713
batch_002,v1,1,0.6555350646488182,1,2026-08-28 22:23:33.347713
batch_002,v1,1,0.5080213099146215,1,2026-08-28 22:23:33.347713
batch_002,v1,0,0.12630697842341818,0,2026-08-28 22:23:33.347713
batch_002,v1,1,0.5733393933896158,0,2026-08-28 22:23:33.347713
batch_002,v1,0,0.37652897863959445,0,2026-08-28 22:23:33.347713
batch_002,v1,0,0.21512787136246975,1,2026-08-28 22:23:33.347713
batch_003,v1,0,0.3971153584336121,1,2026-08-28 22:23:33.409834
batch_003,v1,0,0.11156566373745704,0,2026-08-28 22:23:33.409834
batch_003,v1,0,0.08925815715555713,0,2026-08-28 22:23:33.409834
batch_003,v1,1,0.6180850103541855,0,2026-08-28 22:23:33.409834
batch_003,v1,1,0.8495480110885056,1,2026-08-28 22:23:33.409834
batch_003,v1,1,0.755935265069502,1,2026-08-28 22:23:33.409834
batch_003,v1,1,0.8100497913631332,1,2026-08-28 22:23:33.409834
batch_003,v1,0,0.4854822732329142,1,2026-08-28 22:23:33.409834
batch_003,v1,0,0.02461492430440603,0,2026-08-28 22:23:33.409834
batch_003,v1,0,0.46449443693175085,0,2026-08-28 22:23:33.409834
batch_003,v1,1,0.6987937490897291,1,2026-08-28 22:23:33.409834
batch_003,v1,1,0.6737244019147518,1,2026-08-28 22:23:33.409834
batch_003,v1,0,0.0036854957782020983,0,2026-08-28 22:23:33.409834
batch_003,v1,0,0.4419082582543058,1,2026-08-28 22:23:33.409834
batch_003,v1,0,0.4756703048385914,0,2026-08-28 22:23:33.409834
batch_003,v1,0,0.04676053202475785,0,2026-08-28 22:23:33.409834
batch_003,v1,0,0.017399842838802068,0,2026-08-28 22:23:33.409834
batch_003,v1,0,0.0630618813913337,0,2026-08-28 22:23:33.409834
batch_003,v1,0,0.0026580339745552817,0,2026-08-28 22:23:33.409834
batch_003,v1,1,0.6399951015502067,0,2026-08-28 22:23:33.409834
batch_003,v1,0,0.014213224172012677,0,2026-08-28 22:23:33.409834
batch_003,v1,0,0.015772099854051792,0,2026-08-28 22:23:33.409834
batch_003,v1,0,0.07203811115246671,0,2026-08-28 22:23:33.409834
batch_003,v1,0,0.04876228670488153,0,2026-08-28 22:23:33.409834
batch_003,v1,1,0.8003390841358384,1,2026-08-28 22:23:33.409834
batch_003,v1,0,0.2279995553780685,0,2026-08-28 22:23:33.409834
batch_003,v1,0,0.06775494177999423,0,2026-08-28 22:23:33.409834
batch_003,v1,1,0.5771559768566752,1,2026-08-28 22:23:33.409834
batch_003,v1,0,0.2728359375131416,0,2026-08-28 22:23:33.409834
batch_003,v1,0,0.419327451212014,0,2026-08-28 22:23:33.409834
batch_003,v1,0,0.38406413958183844,0,2026-08-28 22:23:33.409834
batch_003,v1,1,0.7506517397729934,1,2026-08-28 22:23:33.409834
batch_003,v1,1,0.8740050713475085,1,2026-08-28 22:23:33.409834
batch_003,v1,0,0.010967787148269823,0,2026-08-28 22:23:33.409834
batch_003,v1,0,0.004143064258881516,0,2026-08-28 22:23:33.409834
batch_003,v1,0,0.004102745842476322,0,2026-08-28 22:23:33.409834
batch_003,v1,1,0.524540464936423,1,2026-08-28 22:23:33.409834
batch_003,v1,0,0.05758877350619659,0,2026-08-28 22:23:33.409834
batch_003,v1,0,0.2277099728261564,0,2026-08-28 22:23:33.409834
batch_003,v1,1,0.6459856162527746,1,2026-08-28 22:23:33.409834
batch_003,v1,0,0.02445162212360777,0,2026-08-28 22:23:33.409834
batch_003,v1,1,0.7465130729258919,1,2026-08-28 22:23:33.409834
batch_003,v1,1,0.7932899108026267,0,2026-08-28 22:23:33.409834
batch_003,v1,0,0.04020790876633835,0,2026-08-28 22:23:33.409834
batch_003,v1,0,0.03795421760007413,1,2026-08-28 22:23:33.409834
batch_003,v1,0,0.3070002893416718,1,2026-08-28 22:23:33.409834
batch_003,v1,0,0.23161863273823305,0,2026-08-28 22:23:33.409834
batch_003,v1,0,0.026701312588729452,0,2026-08-28 22:23:33.409834
batch_003,v1,0,0.0032160012633105192,0,2026-08-28 22:23:33.409834
batch_003,v1,0,0.25638190870521416,0,2026-08-28 22:23:33.409834
batch_003,v1,0,0.16685413727355253,0,2026-08-28 22:23:33.409834
batch_003,v1,0,0.32523636144575335,1,2026-08-28 22:23:33.409834
batch_003,v1,0,0.045705337525808305,0,2026-08-28 22:23:33.409834
batch_003,v1,0,0.16953837603085944,0,2026-08-28 22:23:33.409834
batch_003,v1,0,0.0026645687872557462,0,2026-08-28 22:23:33.409834
batch_003,v1,0,0.02473743655930246,0,2026-08-28 22:23:33.409834
batch_003,v1,1,0.9271434420669196,1,2026-08-28 22:23:33.409834
batch_003,v1,0,0.49007417517229024,1,2026-08-28 22:23:33.409834
batch_003,v1,0,0.09027688615905657,0,2026-08-28 22:23:33.409834
batch_003,v1,1,0.8301844474611523,1,2026-08-28 22:23:33.409834
batch_003,v1,1,0.614371564486652,1,2026-08-28 22:23:33.409834
batch_003,v1,0,0.002390220512153887,0,2026-08-28 22:23:33.409834
batch_003,v1,0,0.04870246240653033,0,2026-08-28 22:23:33.409834
batch_003,v1,0,0.23978934832705395,1,2026-08-28 22:23:33.409834
batch_003,v1,0,0.042648004557563665,0,2026-08-28 22:23:33.409834
batch_003,v1,1,0.9115657394451427,1,2026-08-28 22:23:33.409834
batch_003,v1,1,0.5965638239205429,1,2026-08-28 22:23:33.409834
batch_003,v1,1,0.8732298733319422,0,2026-08-28 22:23:33.409834
batch_003,v1,1,0.9007317321419552,1,2026-08-28 22:23:33.409834
batch_003,v1,0,0.034073556953660065,0,2026-08-28 22:23:33.409834
batch_003,v1,1,0.5042824296140118,1,2026-08-28 22:23:33.409834
batch_003,v1,0,0.01028490727647071,0,2026-08-28 22:23:33.409834
batch_003,v1,1,0.7512785421918408,0,2026-08-28 22:23:33.409834
batch_003,v1,0,0.19576292211823476,0,2026-08-28 22:23:33.409834
batch_003,v1,0,0.026176206339082665,0,2026-08-28 22:23:33.409834
batch_003,v1,0,0.1090536289355337,0,2026-08-28 22:23:33.409834
batch_003,v1,0,0.040978995054853126,1,2026-08-28 22:23:33.409834
batch_003,v1,0,0.24554098295867985,0,2026-08-28 22:23:33.409834
batch_003,v1,0,0.0031807290469876254,0,2026-08-28 22:23:33.409834
batch_003,v1,1,0.7009989629097366,0,2026-08-28 22:23:33.409834
batch_003,v1,0,0.0802325404335965,0,2026-08-28 22:23:33.409834
batch_003,v1,0,0.10556313420570085,0,2026-08-28 22:23:33.409834
batch_003,v1,0,0.0033356412209219802,0,2026-08-28 22:23:33.409834
batch_003,v1,0,0.4325355900737516,0,2026-08-28 22:23:33.409834
batch_003,v1,0,0.3380837922260629,0,2026-08-28 22:23:33.409834
batch_003,v1,1,0.914878459760622,1,2026-08-28 22:23:33.409834
batch_003,v1,1,0.8294183651914411,1,2026-08-28 22:23:33.409834
batch_003,v1,0,0.1772402395927136,1,2026-08-28 22:23:33.409834
batch_003,v1,0,0.400735265056274,1,2026-08-28 22:23:33.409834
batch_003,v1,0,0.3783028416121438,0,2026-08-28 22:23:33.409834
batch_003,v1,0,0.16348638169737945,1,2026-08-28 22:23:33.409834
batch_003,v1,1,0.6619865397242034,1,2026-08-28 22:23:33.409834
batch_003,v1,1,0.8565478268635477,1,2026-08-28 22:23:33.409834
batch_003,v1,0,0.0016836169818453357,0,2026-08-28 22:23:33.409834
batch_003,v1,0,0.01247117663250005,0,2026-08-28 22:23:33.409834
batch_003,v1,0,0.2823090880448755,0,2026-08-28 22:23:33.409834
batch_003,v1,1,0.5222910876944222,0,2026-08-28 22:23:33.409834
batch_003,v1,0,0.015693871497171708,0,2026-08-28 22:23:33.409834
batch_003,v1,0,0.054226015772579884,0,2026-08-28 22:23:33.409834
batch_003,v1,0,0.04595965136479227,0,2026-08-28 22:23:33.409834
batch_003,v1,0,0.0029790689827586896,0,2026-08-28 22:23:33.409834
batch_003,v1,1,0.754194561586285,0,2026-08-28 22:23:33.409834
batch_003,v1,0,0.0019638483450356912,0,2026-08-28 22:23:33.409834
batch_003,v1,0,0.19107712139725905,0,2026-08-28 22:23:33.409834
batch_003,v1,0,0.4214535104252301,0,2026-08-28 22:23:33.409834
batch_003,v1,0,0.0733872037101363,0,2026-08-28 22:23:33.409834
batch_003,v1,0,0.12423000261449246,0,2026-08-28 22:23:33.409834
batch_003,v1,0,0.1327856901994519,0,2026-08-28 22:23:33.409834
batch_003,v1,0,0.4224069700008964,0,2026-08-28 22:23:33.409834
batch_003,v1,0,0.1537525807205754,0,2026-08-28 22:23:33.409834
batch_003,v1,0,0.11404390528995387,0,2026-08-28 22:23:33.409834
batch_003,v1,0,0.013630286040198463,0,2026-08-28 22:23:33.409834
batch_003,v1,1,0.6443612360201494,1,2026-08-28 22:23:33.409834
batch_003,v1,0,0.03221239003571941,0,2026-08-28 22:23:33.409834
batch_003,v1,0,0.035761045906637146,0,2026-08-28 22:23:33.409834
batch_003,v1,0,0.26281622237666574,1,2026-08-28 22:23:33.409834
batch_003,v1,1,0.5194733977261271,1,2026-08-28 22:23:33.409834
batch_003,v1,0,0.20162513322387948,1,2026-08-28 22:23:33.409834
batch_003,v1,0,0.02165776848146845,0,2026-08-28 22:23:33.409834
batch_003,v1,0,0.15390001938980905,0,2026-08-28 22:23:33.409834
batch_003,v1,0,0.07035513494104129,0,2026-08-28 22:23:33.409834
batch_003,v1,0,0.2547245041944837,0,2026-08-28 22:23:33.409834
batch_003,v1,1,0.5531550079950934,0,2026-08-28 22:23:33.409834
batch_003,v1,1,0.6836031784024592,1,2026-08-28 22:23:33.409834
batch_003,v1,0,0.49428686625298845,0,2026-08-28 22:23:33.409834
batch_003,v1,0,0.0287679650215596,1,2026-08-28 22:23:33.409834
batch_003,v1,1,0.5173444814493249,0,2026-08-28 22:23:33.409834
batch_003,v1,0,0.3179819401179347,0,2026-08-28 22:23:33.409834
batch_003,v1,0,0.02245772465583947,0,2026-08-28 22:23:33.409834
batch_003,v1,0,0.0167634780163496,0,2026-08-28 22:23:33.409834
batch_003,v1,0,0.04995135549110774,0,2026-08-28 22:23:33.409834
batch_003,v1,1,0.8303058512507805,1,2026-08-28 22:23:33.409834
batch_003,v1,0,0.017007687442337237,0,2026-08-28 22:23:33.409834
batch_003,v1,0,0.3174066893982643,1,2026-08-28 22:23:33.409834
batch_003,v1,0,0.07822444334808754,0,2026-08-28 22:23:33.409834
batch_003,v1,0,0.20662072110378585,0,2026-08-28 22:23:33.409834
batch_003,v1,0,0.07437673400504204,0,2026-08-28 22:23:33.409834
batch_003,v1,0,0.32872704994461016,0,2026-08-28 22:23:33.409834
batch_003,v1,1,0.5233597110244506,0,2026-08-28 22:23:33.409834
batch_003,v1,0,0.08975435719210603,0,2026-08-28 22:23:33.409834
batch_003,v1,0,0.06022716991716894,0,2026-08-28 22:23:33.409834
batch_003,v1,0,0.005772685029270627,0,2026-08-28 22:23:33.409834
batch_003,v1,0,0.22129492704814335,0,2026-08-28 22:23:33.409834
batch_003,v1,0,0.021789700569747238,0,2026-08-28 22:23:33.409834
batch_003,v1,0,0.030480159824618942,0,2026-08-28 22:23:33.409834
batch_003,v1,0,0.1560515122933743,1,2026-08-28 22:23:33.409834
batch_003,v1,0,0.01585509487965012,0,2026-08-28 22:23:33.409834
batch_003,v1,0,0.03469153196166142,0,2026-08-28 22:23:33.409834
batch_003,v1,1,0.926332240538121,1,2026-08-28 22:23:33.409834
batch_003,v1,1,0.7501745833984574,0,2026-08-28 22:23:33.409834
batch_003,v1,1,0.694098544755966,0,2026-08-28 22:23:33.409834
batch_003,v1,1,0.7893441957876963,1,2026-08-28 22:23:33.409834
batch_003,v1,1,0.526856544157223,1,2026-08-28 22:23:33.409834
batch_003,v1,0,0.021069848398603496,0,2026-08-28 22:23:33.409834
batch_003,v1,0,0.2850631715884655,0,2026-08-28 22:23:33.409834
batch_003,v1,0,0.27333276483221514,1,2026-08-28 22:23:33.409834
batch_003,v1,1,0.6886974431444252,0,2026-08-28 22:23:33.409834
batch_003,v1,0,0.09972728029625053,0,2026-08-28 22:23:33.409834
batch_003,v1,0,0.020469717645032748,0,2026-08-28 22:23:33.409834
batch_003,v1,0,0.0020242222102184793,0,2026-08-28 22:23:33.409834
batch_003,v1,0,0.15381193751245298,0,2026-08-28 22:23:33.409834
batch_003,v1,1,0.640548050357603,0,2026-08-28 22:23:33.409834
batch_003,v1,0,0.014285823817076597,0,2026-08-28 22:23:33.409834
batch_003,v1,1,0.6010435447823058,0,2026-08-28 22:23:33.409834
batch_003,v1,0,0.4840293940173465,0,2026-08-28 22:23:33.409834
batch_003,v1,0,0.04062397300745303,0,2026-08-28 22:23:33.409834
batch_003,v1,1,0.8255542632326294,1,2026-08-28 22:23:33.409834
batch_003,v1,1,0.5021704563740027,1,2026-08-28 22:23:33.409834
batch_003,v1,0,0.23406510892899196,0,2026-08-28 22:23:33.409834
batch_003,v1,0,0.41480871236367634,1,2026-08-28 22:23:33.409834
batch_003,v1,0,0.0033280541231370947,0,2026-08-28 22:23:33.409834
batch_003,v1,1,0.8928867518443115,0,2026-08-28 22:23:33.409834
batch_003,v1,1,0.6081468321764164,0,2026-08-28 22:23:33.409834
batch_003,v1,1,0.6516825026986115,1,2026-08-28 22:23:33.409834
batch_003,v1,0,0.017848332687565912,0,2026-08-28 22:23:33.409834
batch_003,v1,0,0.0906878097821531,0,2026-08-28 22:23:33.409834
batch_003,v1,0,0.003005551906983832,0,2026-08-28 22:23:33.409834
batch_003,v1,0,0.033480984713274674,0,2026-08-28 22:23:33.409834
batch_003,v1,1,0.8719807196107998,1,2026-08-28 22:23:33.409834
batch_003,v1,0,0.19494973862971157,0,2026-08-28 22:23:33.409834
batch_003,v1,0,0.4916263904353935,0,2026-08-28 22:23:33.409834
batch_003,v1,1,0.7476839205161186,1,2026-08-28 22:23:33.409834
batch_003,v1,0,0.11790216033097775,1,2026-08-28 22:23:33.409834
batch_003,v1,0,0.2977624699424681,1,2026-08-28 22:23:33.409834
batch_003,v1,1,0.8502827174084095,0,2026-08-28 22:23:33.409834
batch_003,v1,0,0.01653633543066425,0,2026-08-28 22:23:33.409834
batch_003,v1,0,0.0271575284594361,0,2026-08-28 22:23:33.409834
batch_003,v1,1,0.8891153935802624,1,2026-08-28 22:23:33.409834
batch_003,v1,0,0.04590086889751046,0,2026-08-28 22:23:33.409834
batch_003,v1,0,0.01812746343519043,0,2026-08-28 22:23:33.409834
batch_003,v1,0,0.015739651524299018,0,2026-08-28 22:23:33.409834
batch_003,v1,0,0.33099630054063495,0,2026-08-28 22:23:33.409834
batch_003,v1,0,0.007078236556519468,0,2026-08-28 22:23:33.409834
batch_003,v1,0,0.03250242045652604,0,2026-08-28 22:23:33.409834
batch_003,v1,1,0.5496113684992767,0,2026-08-28 22:23:33.409834
batch_003,v1,0,0.11793639441338226,1,2026-08-28 22:23:33.409834
batch_003,v1,1,0.6056974946911026,1,2026-08-28 22:23:33.409834
batch_003,v1,0,0.06311000375666546,0,2026-08-28 22:23:33.409834
batch_003,v1,1,0.5699885576259122,0,2026-08-28 22:23:33.409834
batch_003,v1,0,0.025490541505428062,0,2026-08-28 22:23:33.409834
batch_003,v1,1,0.9248155999183433,1,2026-08-28 22:23:33.409834
batch_003,v1,0,0.43280769625220816,0,2026-08-28 22:23:33.409834
batch_003,v1,1,0.6060636401009133,0,2026-08-28 22:23:33.409834
batch_003,v1,0,0.07200156464867496,0,2026-08-28 22:23:33.409834
batch_003,v1,1,0.5493159933325021,0,2026-08-28 22:23:33.409834
batch_003,v1,0,0.13834490467634908,0,2026-08-28 22:23:33.409834
batch_003,v1,0,0.07862044469560413,0,2026-08-28 22:23:33.409834
batch_003,v1,0,0.1448841927225721,0,2026-08-28 22:23:33.409834
batch_003,v1,1,0.5962180625086884,0,2026-08-28 22:23:33.409834
batch_003,v1,1,0.8981910758182147,1,2026-08-28 22:23:33.409834
batch_003,v1,0,0.06971559272522991,0,2026-08-28 22:23:33.409834
batch_003,v1,0,0.4711527574967849,0,2026-08-28 22:23:33.409834
batch_003,v1,1,0.8178020048410213,1,2026-08-28 22:23:33.409834
batch_003,v1,1,0.544476687450118,0,2026-08-28 22:23:33.409834
batch_003,v1,0,0.14194020987045788,1,2026-08-28 22:23:33.409834
batch_003,v1,0,0.0457740250743578,0,2026-08-28 22:23:33.409834
batch_003,v1,0,0.07185164727311132,0,2026-08-28 22:23:33.409834
batch_003,v1,0,0.023495556149005697,0,2026-08-28 22:23:33.409834
batch_003,v1,0,0.13587487685019323,0,2026-08-28 22:23:33.409834
batch_003,v1,0,0.04682689760387286,0,2026-08-28 22:23:33.409834
batch_003,v1,0,0.04639034395544809,0,2026-08-28 22:23:33.409834
batch_003,v1,0,0.4925427586083868,1,2026-08-28 22:23:33.409834
batch_003,v1,0,0.04648236466191778,0,2026-08-28 22:23:33.409834
batch_003,v1,0,0.00499175541357721,0,2026-08-28 22:23:33.409834
batch_003,v1,0,0.45741102106396175,0,2026-08-28 22:23:33.409834
batch_003,v1,0,0.13869712638528045,0,2026-08-28 22:23:33.409834
batch_003,v1,1,0.8756070747466825,1,2026-08-28 22:23:33.409834
batch_003,v1,0,0.18583310500185993,0,2026-08-28 22:23:33.409834
batch_003,v1,0,0.005107021709194348,0,2026-08-28 22:23:33.409834
batch_003,v1,0,0.12123886508540506,0,2026-08-28 22:23:33.409834
batch_003,v1,0,0.026202501865301236,0,2026-08-28 22:23:33.409834
batch_003,v1,0,0.012046713449484936,0,2026-08-28 22:23:33.409834
batch_003,v1,1,0.7204946934344094,1,2026-08-28 22:23:33.409834
batch_003,v1,0,0.03287836922068219,0,2026-08-28 22:23:33.409834
batch_003,v1,0,0.10673150171790062,1,2026-08-28 22:23:33.409834
batch_003,v1,1,0.5297224861509096,1,2026-08-28 22:23:33.409834
batch_003,v1,0,0.47187190915874966,0,2026-08-28 22:23:33.409834
batch_003,v1,0,0.3323779684650578,1,2026-08-28 22:23:33.409834
batch_003,v1,0,0.01782175553741692,0,2026-08-28 22:23:33.409834
batch_003,v1,1,0.6158304450241799,0,2026-08-28 22:23:33.409834
batch_003,v1,0,0.02341461918562148,0,2026-08-28 22:23:33.409834
batch_003,v1,0,0.021283635450352646,0,2026-08-28 22:23:33.409834
batch_003,v1,0,0.09797098463102952,0,2026-08-28 22:23:33.409834
batch_003,v1,0,0.01696346919502655,0,2026-08-28 22:23:33.409834
batch_003,v1,1,0.5339897181561235,0,2026-08-28 22:23:33.409834
batch_003,v1,0,0.26521736939213986,0,2026-08-28 22:23:33.409834
batch_003,v1,0,0.04552612745151986,0,2026-08-28 22:23:33.409834
batch_003,v1,0,0.048015495317306,0,2026-08-28 22:23:33.409834
batch_003,v1,0,0.3178229238909671,0,2026-08-28 22:23:33.409834
batch_003,v1,0,0.23327621779823293,0,2026-08-28 22:23:33.409834
batch_003,v1,0,0.030084085597546845,0,2026-08-28 22:23:33.409834
batch_003,v1,1,0.8693095163400516,1,2026-08-28 22:23:33.409834
batch_003,v1,1,0.8669547936528194,0,2026-08-28 22:23:33.409834
batch_003,v1,0,0.04368627711777823,0,2026-08-28 22:23:33.409834
batch_003,v1,1,0.8400573040576867,1,2026-08-28 22:23:33.409834
batch_003,v1,1,0.5129279263427998,0,2026-08-28 22:23:33.409834
batch_003,v1,0,0.24495887289095372,1,2026-08-28 22:23:33.409834
batch_003,v1,0,0.02002676152308957,0,2026-08-28 22:23:33.409834
batch_003,v1,0,0.15468335273037875,0,2026-08-28 22:23:33.409834
batch_003,v1,0,0.1151079212491801,0,2026-08-28 22:23:33.409834
batch_003,v1,0,0.033444250884807125,0,2026-08-28 22:23:33.409834
batch_003,v1,0,0.019726249110497047,0,2026-08-28 22:23:33.409834
batch_003,v1,0,0.02619676876789943,0,2026-08-28 22:23:33.409834
batch_003,v1,0,0.13501570524733095,0,2026-08-28 22:23:33.409834
batch_003,v1,0,0.2396320656643515,1,2026-08-28 22:23:33.409834
batch_003,v1,0,0.03435869258668001,0,2026-08-28 22:23:33.409834
batch_003,v1,1,0.8334335001417161,1,2026-08-28 22:23:33.409834
batch_003,v1,1,0.5299746461981889,1,2026-08-28 22:23:33.409834
batch_003,v1,1,0.7081393473975431,1,2026-08-28 22:23:33.409834
batch_003,v1,0,0.36969188885697035,0,2026-08-28 22:23:33.409834
batch_003,v1,0,0.011452349452406514,0,2026-08-28 22:23:33.409834
batch_003,v1,1,0.7279690427587511,1,2026-08-28 22:23:33.409834
batch_003,v1,1,0.5717068375728205,0,2026-08-28 22:23:33.409834
batch_003,v1,0,0.011949729057270791,0,2026-08-28 22:23:33.409834
batch_003,v1,0,0.06465359828309039,0,2026-08-28 22:23:33.409834
batch_003,v1,0,0.01769009244200878,0,2026-08-28 22:23:33.409834
batch_003,v1,0,0.009788634624792606,0,2026-08-28 22:23:33.409834
batch_003,v1,0,0.2895325284582385,0,2026-08-28 22:23:33.409834
batch_003,v1,0,0.0385124156386928,0,2026-08-28 22:23:33.409834
batch_003,v1,0,0.06306362883224498,1,2026-08-28 22:23:33.409834
batch_003,v1,0,0.47431505942905455,0,2026-08-28 22:23:33.409834
batch_004,v1,0,0.004389052989012623,0,2026-08-28 22:23:33.464785
batch_004,v1,1,0.516838176993914,1,2026-08-28 22:23:33.464785
batch_004,v1,0,0.009801037105236273,0,2026-08-28 22:23:33.464785
batch_004,v1,0,0.07694180998399786,0,2026-08-28 22:23:33.464785
batch_004,v1,1,0.7733300406659994,1,2026-08-28 22:23:33.464785
batch_004,v1,0,0.052239810330546345,0,2026-08-28 22:23:33.464785
batch_004,v1,0,0.09400677782660287,1,2026-08-28 22:23:33.464785
batch_004,v1,0,0.012997328729486425,0,2026-08-28 22:23:33.464785
batch_004,v1,0,0.013994495064298132,0,2026-08-28 22:23:33.464785
batch_004,v1,1,0.5340075022851862,0,2026-08-28 22:23:33.464785
batch_004,v1,0,0.04240695196907062,0,2026-08-28 22:23:33.464785
batch_004,v1,1,0.5600611757592467,1,2026-08-28 22:23:33.464785
batch_004,v1,0,0.49007417517229024,0,2026-08-28 22:23:33.464785
batch_004,v1,0,0.4500681270697263,1,2026-08-28 22:23:33.464785
batch_004,v1,0,0.021382849949834904,0,2026-08-28 22:23:33.464785
batch_004,v1,0,0.31098221828157907,0,2026-08-28 22:23:33.464785
batch_004,v1,0,0.012478015544925405,0,2026-08-28 22:23:33.464785
batch_004,v1,0,0.2722986836905528,1,2026-08-28 22:23:33.464785
batch_004,v1,0,0.05143906418155244,0,2026-08-28 22:23:33.464785
batch_004,v1,0,0.03145348233478937,0,2026-08-28 22:23:33.464785
batch_004,v1,0,0.11103117508800073,0,2026-08-28 22:23:33.464785
batch_004,v1,0,0.43400029039219984,0,2026-08-28 22:23:33.464785
batch_004,v1,0,0.15708595014587698,1,2026-08-28 22:23:33.464785
batch_004,v1,1,0.5238508695481436,0,2026-08-28 22:23:33.464785
batch_004,v1,0,0.023959813846360496,0,2026-08-28 22:23:33.464785
batch_004,v1,0,0.007575134118861189,0,2026-08-28 22:23:33.464785
batch_004,v1,0,0.0015804739181592008,0,2026-08-28 22:23:33.464785
batch_004,v1,0,0.12952428431356147,0,2026-08-28 22:23:33.464785
batch_004,v1,0,0.12450101753772334,0,2026-08-28 22:23:33.464785
batch_004,v1,1,0.9009963586518339,1,2026-08-28 22:23:33.464785
batch_004,v1,0,0.12471634435054733,0,2026-08-28 22:23:33.464785
batch_004,v1,0,0.26544971190814703,1,2026-08-28 22:23:33.464785
batch_004,v1,0,0.3680901989556962,1,2026-08-28 22:23:33.464785
batch_004,v1,0,0.22797186400226072,0,2026-08-28 22:23:33.464785
batch_004,v1,0,0.2282773682516933,0,2026-08-28 22:23:33.464785
batch_004,v1,0,0.34315251200020597,0,2026-08-28 22:23:33.464785
batch_004,v1,0,0.028509941395597434,0,2026-08-28 22:23:33.464785
batch_004,v1,1,0.7290332985783095,1,2026-08-28 22:23:33.464785
batch_004,v1,1,0.6871347751807363,0,2026-08-28 22:23:33.464785
batch_004,v1,1,0.7657785824186149,1,2026-08-28 22:23:33.464785
batch_004,v1,0,0.028339962098778444,0,2026-08-28 22:23:33.464785
batch_004,v1,1,0.5203500862256262,0,2026-08-28 22:23:33.464785
batch_004,v1,0,0.0647110769590416,0,2026-08-28 22:23:33.464785
batch_004,v1,0,0.07436599463090655,0,2026-08-28 22:23:33.464785
batch_004,v1,1,0.5039500900685762,0,2026-08-28 22:23:33.464785
batch_004,v1,1,0.5168774786887232,0,2026-08-28 22:23:33.464785
batch_004,v1,1,0.884024340058754,0,2026-08-28 22:23:33.464785
batch_004,v1,0,0.41733750245379736,1,2026-08-28 22:23:33.464785
batch_004,v1,0,0.11536757438256176,0,2026-08-28 22:23:33.464785
batch_004,v1,0,0.3854673108598348,0,2026-08-28 22:23:33.464785
batch_004,v1,0,0.3068636356566099,0,2026-08-28 22:23:33.464785
batch_004,v1,1,0.6548695917535512,1,2026-08-28 22:23:33.464785
batch_004,v1,0,0.016517102841309104,0,2026-08-28 22:23:33.464785
batch_004,v1,0,0.4967460194009002,1,2026-08-28 22:23:33.464785
batch_004,v1,0,0.024809745695035575,0,2026-08-28 22:23:33.464785
batch_004,v1,1,0.7519089059098161,0,2026-08-28 22:23:33.464785
batch_004,v1,0,0.033981444844709115,0,2026-08-28 22:23:33.464785
batch_004,v1,0,0.4338595351439017,0,2026-08-28 22:23:33.464785
batch_004,v1,0,0.0033879684235488434,0,2026-08-28 22:23:33.464785
batch_004,v1,0,0.04601617869112899,0,2026-08-28 22:23:33.464785
batch_004,v1,0,0.27420693254834894,0,2026-08-28 22:23:33.464785
batch_004,v1,1,0.7422228915151261,1,2026-08-28 22:23:33.464785
batch_004,v1,0,0.02863889897820737,0,2026-08-28 22:23:33.464785
batch_004,v1,1,0.6174297220262889,0,2026-08-28 22:23:33.464785
batch_004,v1,1,0.7275762668205676,1,2026-08-28 22:23:33.464785
batch_004,v1,0,0.15364736752859295,1,2026-08-28 22:23:33.464785
batch_004,v1,0,0.20118445597333243,0,2026-08-28 22:23:33.464785
batch_004,v1,0,0.2629771767935369,1,2026-08-28 22:23:33.464785
batch_004,v1,1,0.8718913929028864,1,2026-08-28 22:23:33.464785
batch_004,v1,0,0.07369320504522898,0,2026-08-28 22:23:33.464785
batch_004,v1,1,0.5371102079708627,0,2026-08-28 22:23:33.464785
batch_004,v1,1,0.7178417190909688,1,2026-08-28 22:23:33.464785
batch_004,v1,0,0.026052409624503566,0,2026-08-28 22:23:33.464785
batch_004,v1,0,0.26297215163222526,0,2026-08-28 22:23:33.464785
batch_004,v1,0,0.2639017273636091,0,2026-08-28 22:23:33.464785
batch_004,v1,0,0.04050845508829264,0,2026-08-28 22:23:33.464785
batch_004,v1,0,0.15983514901783052,0,2026-08-28 22:23:33.464785
batch_004,v1,1,0.7220430493855838,0,2026-08-28 22:23:33.464785
batch_004,v1,1,0.6677917709683514,1,2026-08-28 22:23:33.464785
batch_004,v1,0,0.08525213339337563,0,2026-08-28 22:23:33.464785
batch_004,v1,0,0.17529585092240166,1,2026-08-28 22:23:33.464785
batch_004,v1,0,0.03163211947649238,0,2026-08-28 22:23:33.464785
batch_004,v1,1,0.6338847490681024,1,2026-08-28 22:23:33.464785
batch_004,v1,0,0.034606531023083295,0,2026-08-28 22:23:33.464785
batch_004,v1,0,0.42330855567201153,0,2026-08-28 22:23:33.464785
batch_004,v1,0,0.49007417517229024,0,2026-08-28 22:23:33.464785
batch_004,v1,0,0.362459120445443,0,2026-08-28 22:23:33.464785
batch_004,v1,0,0.12621782356269345,0,2026-08-28 22:23:33.464785
batch_004,v1,0,0.05470981963206736,1,2026-08-28 22:23:33.464785
batch_004,v1,0,0.1304161595953007,0,2026-08-28 22:23:33.464785
batch_004,v1,0,0.26227977517484724,0,2026-08-28 22:23:33.464785
batch_004,v1,0,0.00515548912191142,0,2026-08-28 22:23:33.464785
batch_004,v1,0,0.47970020285005316,0,2026-08-28 22:23:33.464785
batch_004,v1,1,0.5378988359583231,0,2026-08-28 22:23:33.464785
batch_004,v1,0,0.02342253042796355,0,2026-08-28 22:23:33.464785
batch_004,v1,1,0.552223781129852,0,2026-08-28 22:23:33.464785
batch_004,v1,0,0.0019140171533457476,0,2026-08-28 22:23:33.464785
batch_004,v1,1,0.9005376105726218,1,2026-08-28 22:23:33.464785
batch_004,v1,0,0.02444951425100196,0,2026-08-28 22:23:33.464785
batch_004,v1,0,0.01194478199034909,0,2026-08-28 22:23:33.464785
batch_004,v1,1,0.7815671276552064,0,2026-08-28 22:23:33.464785
batch_004,v1,0,0.033819513578780755,0,2026-08-28 22:23:33.464785
batch_004,v1,1,0.5459866060253112,0,2026-08-28 22:23:33.464785
batch_004,v1,0,0.1810284561730634,0,2026-08-28 22:23:33.464785
batch_004,v1,1,0.8870338949766329,1,2026-08-28 22:23:33.464785
batch_004,v1,1,0.7480311635505711,1,2026-08-28 22:23:33.464785
batch_004,v1,1,0.6374644817295856,1,2026-08-28 22:23:33.464785
batch_004,v1,1,0.7312334156642897,1,2026-08-28 22:23:33.464785
batch_004,v1,0,0.05812173778082491,1,2026-08-28 22:23:33.464785
batch_004,v1,1,0.8921708459984017,0,2026-08-28 22:23:33.464785
batch_004,v1,0,0.00326861852103297,0,2026-08-28 22:23:33.464785
batch_004,v1,1,0.7729143362046969,1,2026-08-28 22:23:33.464785
batch_004,v1,0,0.031350581465436934,0,2026-08-28 22:23:33.464785
batch_004,v1,0,0.39332819826847343,0,2026-08-28 22:23:33.464785
batch_004,v1,1,0.6594478119796927,0,2026-08-28 22:23:33.464785
batch_004,v1,1,0.7862616113060925,1,2026-08-28 22:23:33.464785
batch_004,v1,0,0.14990093738054908,0,2026-08-28 22:23:33.464785
batch_004,v1,1,0.7087105991743001,1,2026-08-28 22:23:33.464785
batch_004,v1,0,0.012293894305280184,0,2026-08-28 22:23:33.464785
batch_004,v1,1,0.507622335418694,1,2026-08-28 22:23:33.464785
batch_004,v1,0,0.11276747268367841,0,2026-08-28 22:23:33.464785
batch_004,v1,0,0.0033293098717478648,0,2026-08-28 22:23:33.464785
batch_004,v1,0,0.04020120427215325,0,2026-08-28 22:23:33.464785
batch_004,v1,1,0.5785458993452177,1,2026-08-28 22:23:33.464785
batch_004,v1,1,0.5024409507748714,0,2026-08-28 22:23:33.464785
batch_004,v1,0,0.01462612848249822,0,2026-08-28 22:23:33.464785
batch_004,v1,0,0.024955510518906845,0,2026-08-28 22:23:33.464785
batch_004,v1,0,0.0036438265083048424,0,2026-08-28 22:23:33.464785
batch_004,v1,0,0.377312316147567,0,2026-08-28 22:23:33.464785
batch_004,v1,0,0.24482389204141428,0,2026-08-28 22:23:33.464785
batch_004,v1,1,0.8055754257990861,0,2026-08-28 22:23:33.464785
batch_004,v1,0,0.006687883385805836,0,2026-08-28 22:23:33.464785
batch_004,v1,0,0.2252273223525032,0,2026-08-28 22:23:33.464785
batch_004,v1,1,0.5455798281388294,0,2026-08-28 22:23:33.464785
batch_004,v1,0,0.328073355258192,0,2026-08-28 22:23:33.464785
batch_004,v1,0,0.42978304703566816,0,2026-08-28 22:23:33.464785
batch_004,v1,1,0.6833733283847585,1,2026-08-28 22:23:33.464785
batch_004,v1,0,0.4470187087760492,1,2026-08-28 22:23:33.464785
batch_004,v1,0,0.23148756919887473,0,2026-08-28 22:23:33.464785
batch_004,v1,0,0.23002305504220244,0,2026-08-28 22:23:33.464785
batch_004,v1,0,0.03142310048610981,0,2026-08-28 22:23:33.464785
batch_004,v1,0,0.0296590159008906,0,2026-08-28 22:23:33.464785
batch_004,v1,0,0.10573457841880783,0,2026-08-28 22:23:33.464785
batch_004,v1,0,0.02329302910895558,0,2026-08-28 22:23:33.464785
batch_004,v1,1,0.8189687303236491,1,2026-08-28 22:23:33.464785
batch_004,v1,0,0.2995486841968687,0,2026-08-28 22:23:33.464785
batch_004,v1,0,0.35487373360247626,0,2026-08-28 22:23:33.464785
batch_004,v1,0,0.07732141982821296,0,2026-08-28 22:23:33.464785
batch_004,v1,0,0.004840287090100016,0,2026-08-28 22:23:33.464785
batch_004,v1,0,0.23155212799820352,1,2026-08-28 22:23:33.464785
batch_004,v1,1,0.5771073712692414,0,2026-08-28 22:23:33.464785
batch_004,v1,1,0.569042467505838,0,2026-08-28 22:23:33.464785
batch_004,v1,1,0.8759870700669234,0,2026-08-28 22:23:33.464785
batch_004,v1,1,0.5119681207710703,1,2026-08-28 22:23:33.464785
batch_004,v1,1,0.5121550017804861,1,2026-08-28 22:23:33.464785
batch_004,v1,0,0.018636229506791613,0,2026-08-28 22:23:33.464785
batch_004,v1,0,0.26588162313263547,0,2026-08-28 22:23:33.464785
batch_004,v1,0,0.32420073494731516,0,2026-08-28 22:23:33.464785
batch_004,v1,1,0.5490300700044888,0,2026-08-28 22:23:33.464785
batch_004,v1,0,0.16596735795383258,0,2026-08-28 22:23:33.464785
batch_004,v1,0,0.07128392659544355,0,2026-08-28 22:23:33.464785
batch_004,v1,0,0.14637518321533335,0,2026-08-28 22:23:33.464785
batch_004,v1,0,0.3336309297938774,1,2026-08-28 22:23:33.464785
batch_004,v1,0,0.0063701289674966055,0,2026-08-28 22:23:33.464785
batch_004,v1,1,0.6993810788035992,1,2026-08-28 22:23:33.464785
batch_004,v1,0,0.024415225384321847,0,2026-08-28 22:23:33.464785
batch_004,v1,0,0.054927639179414144,0,2026-08-28 22:23:33.464785
batch_004,v1,1,0.5372432068160515,0,2026-08-28 22:23:33.464785
batch_004,v1,0,0.008374913103218555,0,2026-08-28 22:23:33.464785
batch_004,v1,0,0.23020861163797152,0,2026-08-28 22:23:33.464785
batch_004,v1,0,0.0059327450383562345,0,2026-08-28 22:23:33.464785
batch_004,v1,0,0.1106666211381503,0,2026-08-28 22:23:33.464785
batch_004,v1,0,0.18066704740220682,0,2026-08-28 22:23:33.464785
batch_004,v1,0,0.09927280657154747,0,2026-08-28 22:23:33.464785
batch_004,v1,0,0.09308567765406359,0,2026-08-28 22:23:33.464785
batch_004,v1,0,0.30666663985300385,0,2026-08-28 22:23:33.464785
batch_004,v1,0,0.49007417517229024,1,2026-08-28 22:23:33.464785
batch_004,v1,0,0.005233932090681275,0,2026-08-28 22:23:33.464785
batch_004,v1,0,0.019625978918109313,0,2026-08-28 22:23:33.464785
batch_004,v1,0,0.48557896041779275,0,2026-08-28 22:23:33.464785
batch_004,v1,0,0.33298868729695097,0,2026-08-28 22:23:33.464785
batch_004,v1,0,0.49007417517229024,1,2026-08-28 22:23:33.464785
batch_004,v1,0,0.055752158650547654,0,2026-08-28 22:23:33.464785
batch_004,v1,0,0.03478174097206323,0,2026-08-28 22:23:33.464785
batch_004,v1,1,0.6437748846657749,0,2026-08-28 22:23:33.464785
batch_004,v1,0,0.2577521223289056,0,2026-08-28 22:23:33.464785
batch_004,v1,0,0.32361383886368567,0,2026-08-28 22:23:33.464785
batch_004,v1,0,0.03436848783461705,0,2026-08-28 22:23:33.464785
batch_004,v1,0,0.027472418708516858,0,2026-08-28 22:23:33.464785
batch_004,v1,0,0.08371615494135706,0,2026-08-28 22:23:33.464785
batch_004,v1,0,0.43288742274460734,0,2026-08-28 22:23:33.464785
batch_004,v1,1,0.8259689942012649,1,2026-08-28 22:23:33.464785
batch_004,v1,0,0.4012110264582232,0,2026-08-28 22:23:33.464785
batch_004,v1,0,0.024595286629090416,0,2026-08-28 22:23:33.464785
batch_004,v1,0,0.05840708440970874,0,2026-08-28 22:23:33.464785
batch_004,v1,0,0.40376784214200856,0,2026-08-28 22:23:33.464785
batch_004,v1,0,0.14504938261068834,0,2026-08-28 22:23:33.464785
batch_004,v1,1,0.6779937310497197,1,2026-08-28 22:23:33.464785
batch_004,v1,0,0.02835203524335129,0,2026-08-28 22:23:33.464785
batch_004,v1,0,0.1207318780806439,0,2026-08-28 22:23:33.464785
batch_004,v1,0,0.0033985916814403593,0,2026-08-28 22:23:33.464785
batch_004,v1,0,0.04134720123292749,0,2026-08-28 22:23:33.464785
batch_004,v1,0,0.38040122711603674,1,2026-08-28 22:23:33.464785
batch_004,v1,0,0.056063546134604895,0,2026-08-28 22:23:33.464785
batch_004,v1,0,0.01635208330022495,0,2026-08-28 22:23:33.464785
batch_004,v1,1,0.8095856128036749,0,2026-08-28 22:23:33.464785
batch_004,v1,0,0.19597152134400306,1,2026-08-28 22:23:33.464785
batch_004,v1,0,0.014478857147062422,0,2026-08-28 22:23:33.464785
batch_004,v1,0,0.003950687629925111,0,2026-08-28 22:23:33.464785
batch_004,v1,0,0.009818537946095322,0,2026-08-28 22:23:33.464785
batch_004,v1,0,0.4627758483406024,0,2026-08-28 22:23:33.464785
batch_004,v1,0,0.04630417318106782,0,2026-08-28 22:23:33.464785
batch_004,v1,0,0.003296766115117654,0,2026-08-28 22:23:33.464785
batch_004,v1,1,0.7554170213474762,1,2026-08-28 22:23:33.464785
batch_004,v1,0,0.00607191241746383,0,2026-08-28 22:23:33.464785
batch_004,v1,1,0.7172839060814525,1,2026-08-28 22:23:33.464785
batch_004,v1,0,0.0030557749377519527,0,2026-08-28 22:23:33.464785
batch_004,v1,0,0.003971995718934218,0,2026-08-28 22:23:33.464785
batch_004,v1,0,0.49185327527910205,1,2026-08-28 22:23:33.464785
batch_004,v1,0,0.03522826221411437,0,2026-08-28 22:23:33.464785
batch_004,v1,0,0.28459575267937687,0,2026-08-28 22:23:33.464785
batch_004,v1,1,0.6465945136893206,1,2026-08-28 22:23:33.464785
batch_004,v1,0,0.42832068523293176,0,2026-08-28 22:23:33.464785
batch_004,v1,1,0.7814089555784557,1,2026-08-28 22:23:33.464785
batch_004,v1,1,0.5297224861509096,0,2026-08-28 22:23:33.464785
batch_004,v1,0,0.0659501885306488,0,2026-08-28 22:23:33.464785
batch_004,v1,0,0.030197430943192702,0,2026-08-28 22:23:33.464785
batch_004,v1,0,0.17830119144435258,0,2026-08-28 22:23:33.464785
batch_004,v1,0,0.11749966631207627,0,2026-08-28 22:23:33.464785
batch_004,v1,0,0.2556468864673727,0,2026-08-28 22:23:33.464785
batch_004,v1,1,0.605575072657404,0,2026-08-28 22:23:33.464785
batch_004,v1,0,0.25294404263607995,0,2026-08-28 22:23:33.464785
batch_004,v1,0,0.03088423237253928,0,2026-08-28 22:23:33.464785
batch_004,v1,0,0.1349813257804595,0,2026-08-28 22:23:33.464785
batch_004,v1,0,0.09789260144574699,0,2026-08-28 22:23:33.464785
batch_004,v1,0,0.3302941774954326,1,2026-08-28 22:23:33.464785
batch_004,v1,0,0.016067916527308743,0,2026-08-28 22:23:33.464785
batch_004,v1,0,0.04614318227691621,0,2026-08-28 22:23:33.464785
batch_004,v1,0,0.03685287369284211,0,2026-08-28 22:23:33.464785
batch_004,v1,1,0.7741900997086487,0,2026-08-28 22:23:33.464785
batch_004,v1,1,0.8726735822804257,1,2026-08-28 22:23:33.464785
batch_004,v1,1,0.5200060293220937,0,2026-08-28 22:23:33.464785
batch_004,v1,1,0.5134593161046205,0,2026-08-28 22:23:33.464785
batch_004,v1,0,0.02481747685746145,0,2026-08-28 22:23:33.464785
batch_004,v1,0,0.058251302682203486,0,2026-08-28 22:23:33.464785
batch_004,v1,1,0.8073155728450112,1,2026-08-28 22:23:33.464785
batch_004,v1,0,0.04802951057604483,0,2026-08-28 22:23:33.464785
batch_004,v1,1,0.967801473107045,1,2026-08-28 22:23:33.464785
batch_004,v1,0,0.31847712528145894,0,2026-08-28 22:23:33.464785
batch_004,v1,1,0.823952818969385,0,2026-08-28 22:23:33.464785
batch_004,v1,1,0.6400154350427051,1,2026-08-28 22:23:33.464785
batch_004,v1,0,0.14144677428134667,0,2026-08-28 22:23:33.464785
batch_004,v1,0,0.07453130035821816,0,2026-08-28 22:23:33.464785
batch_004,v1,0,0.0023699559839300897,0,2026-08-28 22:23:33.464785
batch_004,v1,0,0.4916263904353935,0,2026-08-28 22:23:33.464785
batch_004,v1,0,0.03311414526431663,0,2026-08-28 22:23:33.464785
batch_004,v1,0,0.03237773683894646,1,2026-08-28 22:23:33.464785
batch_004,v1,0,0.11066243895194428,1,2026-08-28 22:23:33.464785
batch_004,v1,0,0.4808763651216448,1,2026-08-28 22:23:33.464785
batch_004,v1,1,0.6193200004763908,0,2026-08-28 22:23:33.464785
batch_004,v1,0,0.0078883793112387,0,2026-08-28 22:23:33.464785
batch_004,v1,0,0.390079739322045,0,2026-08-28 22:23:33.464785
batch_004,v1,0,0.0031961246236712508,0,2026-08-28 22:23:33.464785
batch_004,v1,1,0.6302996332439157,0,2026-08-28 22:23:33.464785
batch_004,v1,0,0.41859388631988104,0,2026-08-28 22:23:33.464785
batch_004,v1,0,0.10672988036218314,0,2026-08-28 22:23:33.464785
batch_004,v1,1,0.9522534974907501,1,2026-08-28 22:23:33.464785
batch_004,v1,0,0.031596018522724166,0,2026-08-28 22:23:33.464785
batch_004,v1,0,0.03445707504787971,0,2026-08-28 22:23:33.464785
batch_004,v1,1,0.6338847490681024,0,2026-08-28 22:23:33.464785
batch_004,v1,0,0.22362521605489982,0,2026-08-28 22:23:33.464785
batch_004,v1,0,0.007608254845838702,0,2026-08-28 22:23:33.464785
batch_004,v1,0,0.17907482859961554,0,2026-08-28 22:23:33.464785
batch_004,v1,1,0.8777859954563734,1,2026-08-28 22:23:33.464785
batch_004,v1,1,0.7796047387906171,1,2026-08-28 22:23:33.464785
batch_004,v1,1,0.8597364180753388,1,2026-08-28 22:23:33.464785
batch_004,v1,1,0.531907878014042,0,2026-08-28 22:23:33.464785
batch_004,v1,1,0.5507243290156392,1,2026-08-28 22:23:33.464785
batch_004,v1,0,0.022648751268396123,0,2026-08-28 22:23:33.464785
batch_004,v1,0,0.02582112972904223,0,2026-08-28 22:23:33.464785
batch_004,v1,1,0.749921280564515,0,2026-08-28 22:23:33.464785
batch_005,v1,0,0.025482526995788242,0,2026-08-28 22:23:33.529487
batch_005,v1,0,0.0738314465242728,0,2026-08-28 22:23:33.529487
batch_005,v1,0,0.4343095711658246,0,2026-08-28 22:23:33.529487
batch_005,v1,0,0.46443448356974076,1,2026-08-28 22:23:33.529487
batch_005,v1,0,0.06587324136712913,0,2026-08-28 22:23:33.529487
batch_005,v1,0,0.007467296262049939,0,2026-08-28 22:23:33.529487
batch_005,v1,0,0.006126130482307638,0,2026-08-28 22:23:33.529487
batch_005,v1,0,0.04070544780743811,0,2026-08-28 22:23:33.529487
batch_005,v1,0,0.389414026205002,0,2026-08-28 22:23:33.529487
batch_005,v1,1,0.7791385814974214,1,2026-08-28 22:23:33.529487
batch_005,v1,0,0.008453046323024151,0,2026-08-28 22:23:33.529487
batch_005,v1,0,0.4737331197066425,1,2026-08-28 22:23:33.529487
batch_005,v1,0,0.028487953905788177,0,2026-08-28 22:23:33.529487
batch_005,v1,0,0.39974216478939945,1,2026-08-28 22:23:33.529487
batch_005,v1,1,0.9111647127153275,1,2026-08-28 22:23:33.529487
batch_005,v1,1,0.5008359002098131,1,2026-08-28 22:23:33.529487
batch_005,v1,0,0.3960883513251251,0,2026-08-28 22:23:33.529487
batch_005,v1,0,0.17033391018772792,1,2026-08-28 22:23:33.529487
batch_005,v1,0,0.021638678034277128,0,2026-08-28 22:23:33.529487
batch_005,v1,0,0.0029440272852426755,0,2026-08-28 22:23:33.529487
batch_005,v1,0,0.007236594693206588,0,2026-08-28 22:23:33.529487
batch_005,v1,0,0.07398752657732789,1,2026-08-28 22:23:33.529487
batch_005,v1,1,0.7036549846240391,1,2026-08-28 22:23:33.529487
batch_005,v1,0,0.24475808859668463,0,2026-08-28 22:23:33.529487
batch_005,v1,1,0.5902176059312115,1,2026-08-28 22:23:33.529487
batch_005,v1,0,0.45283558353824005,0,2026-08-28 22:23:33.529487
batch_005,v1,1,0.596087418650118,1,2026-08-28 22:23:33.529487
batch_005,v1,1,0.5462000079568208,1,2026-08-28 22:23:33.529487
batch_005,v1,1,0.5954441136408342,0,2026-08-28 22:23:33.529487
batch_005,v1,0,0.00547186461849096,0,2026-08-28 22:23:33.529487
batch_005,v1,0,0.008390083429733505,0,2026-08-28 22:23:33.529487
batch_005,v1,1,0.5384851829736209,1,2026-08-28 22:23:33.529487
batch_005,v1,0,0.0026896166211981976,0,2026-08-28 22:23:33.529487
batch_005,v1,1,0.578137477122256,1,2026-08-28 22:23:33.529487
batch_005,v1,1,0.6737954341713048,1,2026-08-28 22:23:33.529487
batch_005,v1,1,0.6622001704554772,1,2026-08-28 22:23:33.529487
batch_005,v1,0,0.4503515644119271,1,2026-08-28 22:23:33.529487
batch_005,v1,0,0.20661679993114787,0,2026-08-28 22:23:33.529487
batch_005,v1,0,0.05108102274293984,0,2026-08-28 22:23:33.529487
batch_005,v1,1,0.5959094546589622,1,2026-08-28 22:23:33.529487
batch_005,v1,1,0.9165001370242991,1,2026-08-28 22:23:33.529487
batch_005,v1,0,0.0034291681069708382,0,2026-08-28 22:23:33.529487
batch_005,v1,0,0.04332612118404195,0,2026-08-28 22:23:33.529487
batch_005,v1,0,0.025202747675295168,0,2026-08-28 22:23:33.529487
batch_005,v1,0,0.03448265509108718,0,2026-08-28 22:23:33.529487
batch_005,v1,0,0.24675486454706944,0,2026-08-28 22:23:33.529487
batch_005,v1,0,0.03975475027335883,0,2026-08-28 22:23:33.529487
batch_005,v1,1,0.7160716993369112,0,2026-08-28 22:23:33.529487
batch_005,v1,1,0.7494813489539587,0,2026-08-28 22:23:33.529487
batch_005,v1,0,0.4762192992495791,1,2026-08-28 22:23:33.529487
batch_005,v1,0,0.08612817984686888,0,2026-08-28 22:23:33.529487
batch_005,v1,1,0.9172176198126399,1,2026-08-28 22:23:33.529487
batch_005,v1,0,0.07383638647792987,0,2026-08-28 22:23:33.529487
batch_005,v1,0,0.1522437729614269,0,2026-08-28 22:23:33.529487
batch_005,v1,1,0.8680365396620943,1,2026-08-28 22:23:33.529487
batch_005,v1,0,0.20344829355967387,0,2026-08-28 22:23:33.529487
batch_005,v1,0,0.06066503046964923,0,2026-08-28 22:23:33.529487
batch_005,v1,0,0.470231251844029,1,2026-08-28 22:23:33.529487
batch_005,v1,1,0.5995498063826691,0,2026-08-28 22:23:33.529487
batch_005,v1,0,0.11943235175570609,0,2026-08-28 22:23:33.529487
batch_005,v1,0,0.06531564199789147,0,2026-08-28 22:23:33.529487
batch_005,v1,0,0.045390772855479614,0,2026-08-28 22:23:33.529487
batch_005,v1,0,0.496998076069505,1,2026-08-28 22:23:33.529487
batch_005,v1,1,0.5355022523883258,0,2026-08-28 22:23:33.529487
batch_005,v1,1,0.8577267940208976,1,2026-08-28 22:23:33.529487
batch_005,v1,0,0.0692131720661861,0,2026-08-28 22:23:33.529487
batch_005,v1,1,0.5536848192171099,0,2026-08-28 22:23:33.529487
batch_005,v1,1,0.6340954352177064,0,2026-08-28 22:23:33.529487
batch_005,v1,0,0.450817179330487,0,2026-08-28 22:23:33.529487
batch_005,v1,0,0.22168323486543537,0,2026-08-28 22:23:33.529487
batch_005,v1,0,0.0043501740433554495,0,2026-08-28 22:23:33.529487
batch_005,v1,0,0.09287741214659753,0,2026-08-28 22:23:33.529487
batch_005,v1,0,0.06603550031062545,0,2026-08-28 22:23:33.529487
batch_005,v1,1,0.8759808816808783,1,2026-08-28 22:23:33.529487
batch_005,v1,0,0.14303282048837065,0,2026-08-28 22:23:33.529487
batch_005,v1,0,0.02272352754213578,0,2026-08-28 22:23:33.529487
batch_005,v1,0,0.4917726093357485,1,2026-08-28 22:23:33.529487
batch_005,v1,0,0.3151581101557809,0,2026-08-28 22:23:33.529487
batch_005,v1,0,0.06208812746481935,0,2026-08-28 22:23:33.529487
batch_005,v1,0,0.09131119360256078,0,2026-08-28 22:23:33.529487
batch_005,v1,0,0.0030016951292496366,0,2026-08-28 22:23:33.529487
batch_005,v1,0,0.26479718944332387,1,2026-08-28 22:23:33.529487
batch_005,v1,0,0.15677127887838394,0,2026-08-28 22:23:33.529487
batch_005,v1,0,0.2587862518376811,0,2026-08-28 22:23:33.529487
batch_005,v1,1,0.7422228915151261,0,2026-08-28 22:23:33.529487
batch_005,v1,0,0.19414623368444908,0,2026-08-28 22:23:33.529487
batch_005,v1,0,0.00403149740482276,0,2026-08-28 22:23:33.529487
batch_005,v1,1,0.7513811169725253,1,2026-08-28 22:23:33.529487
batch_005,v1,0,0.11524864494991313,0,2026-08-28 22:23:33.529487
batch_005,v1,1,0.6570025905260332,0,2026-08-28 22:23:33.529487
batch_005,v1,0,0.037986811075810895,0,2026-08-28 22:23:33.529487
batch_005,v1,1,0.7756894870569785,0,2026-08-28 22:23:33.529487
batch_005,v1,1,0.6233657798345951,1,2026-08-28 22:23:33.529487
batch_005,v1,0,0.4796138164077455,1,2026-08-28 22:23:33.529487
batch_005,v1,0,0.012804643785891228,0,2026-08-28 22:23:33.529487
batch_005,v1,0,0.002825474174791439,0,2026-08-28 22:23:33.529487
batch_005,v1,0,0.48064625477510065,0,2026-08-28 22:23:33.529487
batch_005,v1,1,0.959528400725726,1,2026-08-28 22:23:33.529487
batch_005,v1,1,0.9057209800772262,0,2026-08-28 22:23:33.529487
batch_005,v1,1,0.6253798176522033,1,2026-08-28 22:23:33.529487
batch_005,v1,1,0.6453414056856941,1,2026-08-28 22:23:33.529487
batch_005,v1,1,0.5328484987276999,0,2026-08-28 22:23:33.529487
batch_005,v1,0,0.04125894946723553,0,2026-08-28 22:23:33.529487
batch_005,v1,0,0.04809201551046807,0,2026-08-28 22:23:33.529487
batch_005,v1,0,0.0036040278417323484,0,2026-08-28 22:23:33.529487
batch_005,v1,1,0.594415271856623,1,2026-08-28 22:23:33.529487
batch_005,v1,0,0.023284151524472132,0,2026-08-28 22:23:33.529487
batch_005,v1,0,0.3203759096983793,0,2026-08-28 22:23:33.529487
batch_005,v1,0,0.42769300956325834,0,2026-08-28 22:23:33.529487
batch_005,v1,1,0.6362676092972858,1,2026-08-28 22:23:33.529487
batch_005,v1,0,0.023418747279561954,0,2026-08-28 22:23:33.529487
batch_005,v1,0,0.409290147912486,0,2026-08-28 22:23:33.529487
batch_005,v1,1,0.6592924956219697,1,2026-08-28 22:23:33.529487
batch_005,v1,0,0.04427179482965519,0,2026-08-28 22:23:33.529487
batch_005,v1,0,0.013496920490992374,0,2026-08-28 22:23:33.529487
batch_005,v1,0,0.0026123500821790277,0,2026-08-28 22:23:33.529487
batch_005,v1,0,0.13560687956726986,0,2026-08-28 22:23:33.529487
batch_005,v1,0,0.065407289148671,0,2026-08-28 22:23:33.529487
batch_005,v1,0,0.1233319259288579,0,2026-08-28 22:23:33.529487
batch_005,v1,0,0.48998013929498424,0,2026-08-28 22:23:33.529487
batch_005,v1,0,0.004104248750339743,0,2026-08-28 22:23:33.529487
batch_005,v1,0,0.08780525578942548,0,2026-08-28 22:23:33.529487
batch_005,v1,0,0.24444891703476004,0,2026-08-28 22:23:33.529487
batch_005,v1,0,0.2599282658825593,1,2026-08-28 22:23:33.529487
batch_005,v1,0,0.04319257997886376,0,2026-08-28 22:23:33.529487
batch_005,v1,1,0.5224013898617136,0,2026-08-28 22:23:33.529487
batch_005,v1,1,0.601163079208405,1,2026-08-28 22:23:33.529487
batch_005,v1,0,0.10042838341672393,0,2026-08-28 22:23:33.529487
batch_005,v1,1,0.8732298733319422,1,2026-08-28 22:23:33.529487
batch_005,v1,0,0.06023865017067061,0,2026-08-28 22:23:33.529487
batch_005,v1,0,0.4989024372595059,1,2026-08-28 22:23:33.529487
batch_005,v1,0,0.33143666940551186,0,2026-08-28 22:23:33.529487
batch_005,v1,0,0.021741096620808815,0,2026-08-28 22:23:33.529487
batch_005,v1,1,0.777413881606182,1,2026-08-28 22:23:33.529487
batch_005,v1,0,0.09415600162802905,0,2026-08-28 22:23:33.529487
batch_005,v1,1,0.9198133371824881,1,2026-08-28 22:23:33.529487
batch_005,v1,0,0.020194650689022483,0,2026-08-28 22:23:33.529487
batch_005,v1,0,0.05118905040419177,0,2026-08-28 22:23:33.529487
batch_005,v1,0,0.03703676477470493,0,2026-08-28 22:23:33.529487
batch_005,v1,0,0.18246436252472958,0,2026-08-28 22:23:33.529487
batch_005,v1,0,0.033202942294241804,0,2026-08-28 22:23:33.529487
batch_005,v1,0,0.040317576145217214,0,2026-08-28 22:23:33.529487
batch_005,v1,0,0.06876582252371646,0,2026-08-28 22:23:33.529487
batch_005,v1,1,0.660269157292567,1,2026-08-28 22:23:33.529487
batch_005,v1,0,0.033748297072117406,0,2026-08-28 22:23:33.529487
batch_005,v1,1,0.6935142202229804,0,2026-08-28 22:23:33.529487
batch_005,v1,1,0.6584573769727047,1,2026-08-28 22:23:33.529487
batch_005,v1,0,0.38166721832742945,0,2026-08-28 22:23:33.529487
batch_005,v1,0,0.05503742167441183,0,2026-08-28 22:23:33.529487
batch_005,v1,0,0.0016826480094057144,0,2026-08-28 22:23:33.529487
batch_005,v1,1,0.7649904449227034,1,2026-08-28 22:23:33.529487
batch_005,v1,0,0.10073932883610882,0,2026-08-28 22:23:33.529487
batch_005,v1,0,0.29192738258062606,1,2026-08-28 22:23:33.529487
batch_005,v1,0,0.4383630594405967,1,2026-08-28 22:23:33.529487
batch_005,v1,0,0.09662439896134467,0,2026-08-28 22:23:33.529487
batch_005,v1,0,0.1828903942806217,0,2026-08-28 22:23:33.529487
batch_005,v1,0,0.28704789454391627,0,2026-08-28 22:23:33.529487
batch_005,v1,0,0.03476616872042846,0,2026-08-28 22:23:33.529487
batch_005,v1,0,0.026763274815310857,0,2026-08-28 22:23:33.529487
batch_005,v1,0,0.16677082922251432,0,2026-08-28 22:23:33.529487
batch_005,v1,0,0.4486627946665995,1,2026-08-28 22:23:33.529487
batch_005,v1,1,0.8207749263625436,0,2026-08-28 22:23:33.529487
batch_005,v1,1,0.7518428235701279,1,2026-08-28 22:23:33.529487
batch_005,v1,0,0.06503285326865357,0,2026-08-28 22:23:33.529487
batch_005,v1,0,0.4915249730079984,1,2026-08-28 22:23:33.529487
batch_005,v1,1,0.8884212948948867,1,2026-08-28 22:23:33.529487
batch_005,v1,0,0.0024182947973195763,0,2026-08-28 22:23:33.529487
batch_005,v1,0,0.4632580543409105,0,2026-08-28 22:23:33.529487
batch_005,v1,1,0.6836971912972399,1,2026-08-28 22:23:33.529487
batch_005,v1,0,0.20996897471067894,0,2026-08-28 22:23:33.529487
batch_005,v1,0,0.3685321653779508,0,2026-08-28 22:23:33.529487
batch_005,v1,0,0.16930819423065135,0,2026-08-28 22:23:33.529487
batch_005,v1,0,0.05758153144090842,0,2026-08-28 22:23:33.529487
batch_005,v1,0,0.002677860266161196,0,2026-08-28 22:23:33.529487
batch_005,v1,1,0.7613558200996136,0,2026-08-28 22:23:33.529487
batch_005,v1,0,0.45143987021319165,0,2026-08-28 22:23:33.529487
batch_005,v1,1,0.7538083358666654,1,2026-08-28 22:23:33.529487
batch_005,v1,0,0.003906861292369802,0,2026-08-28 22:23:33.529487
batch_005,v1,0,0.004243703801896134,0,2026-08-28 22:23:33.529487
batch_005,v1,0,0.022154119319314942,0,2026-08-28 22:23:33.529487
batch_005,v1,0,0.07786991022123242,0,2026-08-28 22:23:33.529487
batch_005,v1,0,0.2240662005612096,0,2026-08-28 22:23:33.529487
batch_005,v1,0,0.06353773668562249,0,2026-08-28 22:23:33.529487
batch_005,v1,0,0.19000385577133816,0,2026-08-28 22:23:33.529487
batch_005,v1,0,0.03146302180699966,0,2026-08-28 22:23:33.529487
batch_005,v1,0,0.48353643872948354,1,2026-08-28 22:23:33.529487
batch_005,v1,0,0.019490623991524098,0,2026-08-28 22:23:33.529487
batch_005,v1,0,0.1825888215013755,0,2026-08-28 22:23:33.529487
batch_005,v1,0,0.30200404277903187,0,2026-08-28 22:23:33.529487
batch_005,v1,0,0.33023410092281,0,2026-08-28 22:23:33.529487
batch_005,v1,1,0.5282289737735106,1,2026-08-28 22:23:33.529487
batch_005,v1,0,0.11404390528995387,0,2026-08-28 22:23:33.529487
batch_005,v1,0,0.1434664898002789,0,2026-08-28 22:23:33.529487
batch_005,v1,0,0.0478241362013411,0,2026-08-28 22:23:33.529487
batch_005,v1,0,0.31010555733646067,1,2026-08-28 22:23:33.529487
batch_005,v1,0,0.005118675632791253,0,2026-08-28 22:23:33.529487
batch_005,v1,1,0.7531474264671877,1,2026-08-28 22:23:33.529487
batch_005,v1,0,0.003097094636624555,0,2026-08-28 22:23:33.529487
batch_005,v1,1,0.5873981240191123,1,2026-08-28 22:23:33.529487
batch_005,v1,0,0.18353022798546,0,2026-08-28 22:23:33.529487
batch_005,v1,0,0.10479441920311852,0,2026-08-28 22:23:33.529487
batch_005,v1,0,0.20912179215483884,0,2026-08-28 22:23:33.529487
batch_005,v1,0,0.29360973605493,0,2026-08-28 22:23:33.529487
batch_005,v1,1,0.6591992220165169,1,2026-08-28 22:23:33.529487
batch_005,v1,0,0.003545765280105826,0,2026-08-28 22:23:33.529487
batch_005,v1,0,0.07981379130035338,0,2026-08-28 22:23:33.529487
batch_005,v1,0,0.09626565904406713,0,2026-08-28 22:23:33.529487
batch_005,v1,0,0.40978161024832094,1,2026-08-28 22:23:33.529487
batch_005,v1,0,0.16320266402981282,0,2026-08-28 22:23:33.529487
batch_005,v1,1,0.6681177561980389,1,2026-08-28 22:23:33.529487
batch_005,v1,1,0.7014851379683859,1,2026-08-28 22:23:33.529487
batch_005,v1,0,0.03126614398071024,0,2026-08-28 22:23:33.529487
batch_005,v1,0,0.01975890447416767,0,2026-08-28 22:23:33.529487
batch_005,v1,0,0.19168399915443904,0,2026-08-28 22:23:33.529487
batch_005,v1,1,0.7880546777523109,1,2026-08-28 22:23:33.529487
batch_005,v1,1,0.6658445591207016,1,2026-08-28 22:23:33.529487
batch_005,v1,0,0.004144629840953091,0,2026-08-28 22:23:33.529487
batch_005,v1,0,0.004674981669863983,0,2026-08-28 22:23:33.529487
batch_005,v1,0,0.0035416709725956787,0,2026-08-28 22:23:33.529487
batch_005,v1,0,0.10726029894290787,0,2026-08-28 22:23:33.529487
batch_005,v1,0,0.015849898643087973,0,2026-08-28 22:23:33.529487
batch_005,v1,0,0.032161879796706566,0,2026-08-28 22:23:33.529487
batch_005,v1,1,0.7319172410726411,1,2026-08-28 22:23:33.529487
batch_005,v1,0,0.2711658167525144,1,2026-08-28 22:23:33.529487
batch_005,v1,0,0.0224419071768996,0,2026-08-28 22:23:33.529487
batch_005,v1,0,0.12505011459197313,0,2026-08-28 22:23:33.529487
batch_005,v1,0,0.038148080771505305,0,2026-08-28 22:23:33.529487
batch_005,v1,0,0.027712987589737233,0,2026-08-28 22:23:33.529487
batch_005,v1,1,0.5940591922340964,1,2026-08-28 22:23:33.529487
batch_005,v1,0,0.062355763393922445,0,2026-08-28 22:23:33.529487
batch_005,v1,0,0.3569175361212334,0,2026-08-28 22:23:33.529487
batch_005,v1,1,0.8756310601020303,0,2026-08-28 22:23:33.529487
batch_005,v1,0,0.036344081815664446,0,2026-08-28 22:23:33.529487
batch_005,v1,0,0.37411006906422767,0,2026-08-28 22:23:33.529487
batch_005,v1,0,0.020679089847258268,0,2026-08-28 22:23:33.529487
batch_005,v1,0,0.27896187702710545,0,2026-08-28 22:23:33.529487
batch_005,v1,0,0.19322435877039593,0,2026-08-28 22:23:33.529487
batch_005,v1,0,0.23005302991028523,1,2026-08-28 22:23:33.529487
batch_005,v1,0,0.21162198130933826,1,2026-08-28 22:23:33.529487
batch_005,v1,0,0.1430515140496128,0,2026-08-28 22:23:33.529487
batch_005,v1,0,0.38178868896155366,0,2026-08-28 22:23:33.529487
batch_005,v1,0,0.32919750474770315,0,2026-08-28 22:23:33.529487
batch_005,v1,1,0.8834986552117585,1,2026-08-28 22:23:33.529487
batch_005,v1,0,0.002596788123365277,0,2026-08-28 22:23:33.529487
batch_005,v1,0,0.14125160965262554,0,2026-08-28 22:23:33.529487
batch_005,v1,1,0.5495598964567197,0,2026-08-28 22:23:33.529487
batch_005,v1,0,0.00947007414445244,0,2026-08-28 22:23:33.529487
batch_005,v1,0,0.10522805608415137,0,2026-08-28 22:23:33.529487
batch_005,v1,0,0.20441306001498694,0,2026-08-28 22:23:33.529487
batch_005,v1,1,0.6524541169273408,1,2026-08-28 22:23:33.529487
batch_005,v1,1,0.5752945808409152,1,2026-08-28 22:23:33.529487
batch_005,v1,0,0.03739438390324638,0,2026-08-28 22:23:33.529487
batch_005,v1,0,0.021374817488828166,0,2026-08-28 22:23:33.529487
batch_005,v1,1,0.5551559865321348,1,2026-08-28 22:23:33.529487
batch_005,v1,0,0.40129918616345606,1,2026-08-28 22:23:33.529487
batch_005,v1,0,0.3384773844772219,1,2026-08-28 22:23:33.529487
batch_005,v1,0,0.035687585005321834,0,2026-08-28 22:23:33.529487
batch_005,v1,0,0.05427080438917598,0,2026-08-28 22:23:33.529487
batch_005,v1,0,0.48453627604227567,0,2026-08-28 22:23:33.529487
batch_005,v1,0,0.006181248415417509,0,2026-08-28 22:23:33.529487
batch_005,v1,0,0.14889268538557232,0,2026-08-28 22:23:33.529487
batch_005,v1,0,0.3192250163148877,1,2026-08-28 22:23:33.529487
batch_005,v1,0,0.12977983150109212,0,2026-08-28 22:23:33.529487
batch_005,v1,0,0.12157566497951039,0,2026-08-28 22:23:33.529487
batch_005,v1,0,0.49238322375751825,1,2026-08-28 22:23:33.529487
batch_005,v1,0,0.011402940252827816,0,2026-08-28 22:23:33.529487
batch_005,v1,1,0.632462049590931,0,2026-08-28 22:23:33.529487
batch_005,v1,1,0.5548817950484333,0,2026-08-28 22:23:33.529487
batch_005,v1,0,0.04129294226926187,0,2026-08-28 22:23:33.529487
batch_005,v1,1,0.8928860584503843,1,2026-08-28 22:23:33.529487
batch_005,v1,0,0.003918924071174119,0,2026-08-28 22:23:33.529487
batch_005,v1,1,0.5070717430588569,0,2026-08-28 22:23:33.529487
batch_005,v1,1,0.6444993739478302,0,2026-08-28 22:23:33.529487
batch_005,v1,0,0.3243169327053564,0,2026-08-28 22:23:33.529487
batch_005,v1,0,0.010268545286377571,0,2026-08-28 22:23:33.529487
batch_005,v1,1,0.7346963024122551,1,2026-08-28 22:23:33.529487
batch_005,v1,0,0.04403855930232332,0,2026-08-28 22:23:33.529487
batch_005,v1,0,0.04603802466076315,0,2026-08-28 22:23:33.529487
batch_005,v1,0,0.006433952106927803,0,2026-08-28 22:23:33.529487
batch_005,v1,0,0.00946504488654066,0,2026-08-28 22:23:33.529487
batch_005,v1,0,0.013009270522100018,0,2026-08-28 22:23:33.529487
batch_005,v1,0,0.003814985877915521,0,2026-08-28 22:23:33.529487
batch_005,v1,0,0.257210675296878,0,2026-08-28 22:23:33.529487
batch_005,v1,0,0.02318992551918941,0,2026-08-28 22:23:33.529487
batch_005,v1,0,0.0023942713768784394,0,2026-08-28 22:23:33.529487
